id	name	attack	block	death	range
0	Hans	422	404	9055	422
1	Man	422	404	9055	422
2	Man	422	404	9055	422
3	Man	422	404	9055	422
4	Woman	422	404	9055	422
5	Woman	422	404	9055	422
6	Woman	422	404	836	0
7	Farmer	422	404	836	0
8	Thief	422	0	836	0
9	Guard	400	404	836	0
10	Schoolgirl	0	285	287	1142
11	Tramp	0	0	0	0
12	Barbarian	0	0	0	0
13	Wizard	2791	404	9055	711
14	Druid	422	404	0	0
15	Warrior woman	386	0	836	0
16	Man	422	0	836	0
17	Schoolgirl	0	0	0	0
18	Al-Kharid warrior	390	387	836	390
19	White Knight	7042	0	836	0
20	Paladin	390	425	836	0
21	Hero	390	425	836	0
22	Forester	422	404	9055	0
23	Knight of Ardougne	390	0	836	0
24	Man	422	0	836	0
25	Woman	422	0	836	0
26	Knight of Ardougne	390	0	836	0
27	Archer	426	404	9055	426
28	Zoo keeper	0	0	0	0
29	Chuck	0	0	0	0
30	Barman	0	0	0	0
31	Priest	0	0	0	0
32	Guard	401	0	836	0
33	Door man	0	0	0	0
34	Watchman	422	0	836	0
35	Soldier	390	0	836	0
36	Wyson the gardener	0	0	0	0
37	Sigbert the Adventurer	0	0	0	0
38	Shipyard worker	422	0	836	0
39	Shipyard worker	401	0	836	0
40	Shark	0	0	0	0
41	Chicken	5387	5388	5389	5387
42	Sheep	0	0	0	0
43	Sheep	0	0	0	0
44	Banker	0	0	0	0
45	Banker	0	0	0	0
46	Duck	0	0	3468	0
47	Rat	2705	2706	2707	2705
48	Oomlie bird	5387	0	5389	0
49	Hellhound	6562	6563	6564	6562
50	King Black Dragon	80	89	92	80
51	Baby dragon	0	0	0	0
52	Baby blue dragon	25	26	28	0
53	Red dragon	80	89	92	80
54	Black dragon	80	89	92	80
55	Blue dragon	80	89	92	80
56	Dryad	0	0	0	0
57	Fairy	0	0	0	0
58	Shadow spider	5327	0	5329	0
59	Giant spider	5327	0	5329	0
60	Giant spider	5327	5328	5329	5327
61	Spider	6249	0	6251	0
62	Jungle spider	5327	5328	5329	5327
63	Deadly red spider	5327	5328	5329	5327
64	Ice spider	5327	0	5329	0
65	Leprechaun	422	404	9055	422
66	Gnome	190	193	196	190
67	Gnome	190	193	196	190
68	Gnome	190	193	196	190
69	Lizard man	422	404	9055	422
70	Orc	0	0	0	0
71	Orc	422	404	9055	422
72	Troll	422	404	9055	422
73	Zombie	5567	5568	5569	0
74	Zombie	5578	5579	5580	5578
75	Zombie	5578	5579	5580	5578
76	Zombie	5571	5574	5575	0
77	Summoned Zombie	5568	0	5569	0
78	Giant bat	4915	4916	4917	4915
79	Death wing	4915	0	4917	0
80	Camel	0	0	0	0
81	Cow	5849	5850	5851	5849
82	Lesser demon	4630	65	67	4630
83	Greater demon	64	65	68	64
84	Black demon	64	65	67	64
85	Golem	422	404	9055	422
86	Giant rat	4933	4934	4935	4933
87	Giant rat	4933	4934	4935	0
88	Dungeon rat	0	0	4935	0
89	Unicorn	6376	6375	6377	6376
90	Skeleton	5485	5489	5491	5485
91	Skeleton	5485	5489	5491	5485
92	Skeleton	5485	5489	5491	5485
93	Skeleton	5485	5489	5491	5485
94	Skeleton Mage	0	0	0	0
95	Wolf	6559	6557	6558	0
96	White wolf	6579	6578	6576	6579
97	White wolf	6579	6578	6576	6579
98	Dog	0	0	0	0
99	Guard dog	6562	6563	6564	6562
100	Goblin	6185	6183	6182	6185
101	Goblin	6185	6183	6182	6185
102	Goblin	6185	6183	6182	6185
103	Ghost	5540	5541	5542	5540
104	Ghost	5532	5533	5534	0
105	Grizzly bear	4925	0	4929	0
106	Black bear	4925	0	4929	0
107	Scorpion	6254	6255	6256	0
108	Poison Scorpion	6254	6255	6256	0
109	Pit Scorpion	6254	6255	6256	0
110	Fire giant	4666	4664	4668	4666
111	Ice giant	4672	0	4673	0
112	Moss giant	4666	4665	4668	4666
113	Jogre	128	129	131	128
114	Mogre	359	360	361	359
115	Ogre	359	360	361	359
116	Cyclops	359	4651	4653	359
117	Hill Giant	4652	4651	4653	4652
118	Dwarf	99	0	102	0
119	Chaos dwarf	99	0	102	0
120	Dwarf	99	0	102	0
121	Dwarf	0	0	0	0
122	Hobgoblin	164	165	167	164
123	Hobgoblin	164	165	167	164
124	Earth warrior	393	0	836	0
125	Ice warrior	451	404	843	451
126	Otherworldly being	0	0	0	0
127	Magic axe	185	0	188	0
128	Snake	275	0	278	0
129	Skavid	0	0	0	0
130	Yeti	0	0	0	0
131	Penguin	5669	0	5671	0
132	Monkey	220	0	223	0
133	Black unicorn	6376	6375	6377	6376
134	Poison spider	5327	5328	5329	0
135	Mammoth	0	0	0	0
136	Mounted terrorchick gnome	0	0	0	0
137	Terrorchick gnome	0	0	0	0
138	Terrorbird	1010	1012	1013	0
139	Terrorbird	1010	1012	1013	0
140	Souless	338	0	340	0
141	Big Wolf	6559	0	6558	0
142	Wolf	6559	0	6558	0
143	Jungle Wolf	6559	0	6558	0
144	King Scorpion	6254	0	6256	0
145	Ice warrior	451	404	843	451
146	Gull	0	0	0	0
147	Cormorant	0	0	0	0
148	Pelican	0	0	0	0
149	Gull	0	0	0	0
150	Gull	0	0	0	0
151	Fly trap	0	0	0	0
152	Butterfly	0	0	0	0
153	Butterfly	0	0	0	0
154	Butterfly	0	0	0	0
155	Butterfly	0	0	0	0
156	Butterfly	0	0	0	0
157	Butterfly	0	0	0	0
158	Shadow warrior	394	0	843	0
159	Gnome child	191	193	196	0
160	Gnome child	191	193	196	0
161	Gnome child	191	193	196	0
162	Gnome trainer	0	0	0	0
163	Gnome guard	1218	0	1224	0
164	Gnome guard	192	0	196	0
165	Gnome shop keeper	0	0	0	0
166	Gnome banker	0	0	0	0
167	Gnome baller	0	0	0	0
168	Gnome woman	191	0	196	0
169	Gnome woman	191	0	196	0
170	Man	422	0	836	0
171	Brimstail	0	0	0	0
172	Dark wizard	422	0	836	0
173	Invrigar the Necromancer	422	0	836	0
174	Dark wizard	422	0	836	0
175	Mugger	422	0	836	0
176	Witch	423	0	836	0
177	Witch	0	0	0	0
178	Black Knight	390	388	836	0
179	Black Knight	390	388	836	0
180	Highwayman	799	404	9055	799
181	Chaos druid	422	404	9055	422
182	Pirate	422	425	836	0
183	Pirate	422	425	836	0
184	Pirate	422	425	836	0
185	Pirate	0	0	0	0
186	Thug	386	0	836	0
187	Rogue	386	0	836	0
188	Monk of Zamorak	422	404	836	0
189	Monk of Zamorak	422	404	836	0
190	Monk of Zamorak	422	404	836	0
191	Tribesman	428	0	836	0
192	Dark warrior	451	388	9055	0
193	Chaos druid warrior	422	404	836	422
194	Necromancer	422	0	836	0
195	Bandit	0	0	0	0
196	Guard Bandit	386	0	836	0
197	Barbarian guard	0	0	0	0
198	Guildmaster	0	0	0	0
199	Gunthor the Brave	395	0	836	0
200	Lord Daquarius	0	0	0	0
201	Jailer	422	0	836	0
202	Black Heather	390	0	836	0
203	Donny the Lad	390	0	836	0
204	Speedy Keith	390	0	836	0
205	Salarin the Twisted	422	0	836	0
206	Guard	99	0	102	0
207	Lollk	0	0	0	0
208	Captain Lawgof	0	0	0	0
209	Nulodion	0	0	0	0
210	Grail Maiden	0	0	0	0
211	Sir Percival	0	0	0	0
212	King Percival	0	0	0	0
213	Merlin	0	0	0	0
214	Peasant	0	0	0	0
215	Peasant	0	0	0	0
216	High Priest	0	0	0	0
217	Crone	0	0	0	0
218	Galahad	0	0	0	0
219	Fisherman	0	0	0	0
220	The Fisher King	0	0	0	0
221	Black Knight Titan	128	0	131	0
222	Monk	422	0	836	0
223	Brother Kojo	0	0	0	0
224	Dungeon rat	4933	0	4935	0
225	Bonzo	0	0	0	0
226	Morris	0	0	0	0
228	Big Dave	0	0	0	0
229	Joshua	0	0	0	0
230	Grandpa Jack	0	0	0	0
231	Forester	0	0	0	0
232	Austri	0	0	0	0
233	Fishing spot	0	0	0	0
234	Fishing spot	0	0	0	0
235	Fishing spot	0	0	0	0
236	Fishing spot	0	0	0	0
237	Renegade Knight	6489	0	6490	0
238	Thrantax the Mighty	5540	0	5542	0
239	Sir Lancelot	0	0	0	0
240	Sir Gawain	0	0	0	0
241	Sir Kay	0	0	0	0
242	Sir Bedivere	0	0	0	0
243	Sir Tristram	0	0	0	0
244	Sir Pelleas	0	0	0	0
245	Sir Lucan	0	0	0	0
246	Teapotspout	0	0	2301	0
247	Sir Mordred	6489	6488	6490	0
248	Morgan Le Faye	0	0	0	0
249	Merlin	0	0	0	0
250	The Lady of the Lake	0	0	0	0
251	King Arthur	0	0	0	0
252	Beggar	0	0	0	0
253	Khazard Guard	395	397	836	0
254	Khazard Guard	395	397	836	0
255	Khazard Guard	395	397	836	0
256	Khazard Guard	395	397	836	0
257	Khazard Guard	395	397	836	0
258	General Khazard	7049	7050	836	0
259	Khazard barman	0	397	0	0
260	Kelvin	0	0	0	0
261	Joe	0	0	0	0
262	Fightslave	0	0	0	0
263	Hengrad	0	0	0	0
264	Lady Servil	0	0	0	0
265	Jeremy Servil	0	0	0	0
266	Jeremy Servil	0	0	0	0
267	Justin Servil	0	0	0	0
268	Local	0	0	0	0
269	Bouncer	6581	6578	6576	0
270	Khazard Ogre	359	360	361	359
271	Khazard Scorpion	6254	0	6256	0
272	Lucien	401	404	836	0
273	Lucien	0	404	836	0
274	Guardian of Armadyl	401	404	836	0
275	Guardian of Armadyl	401	404	836	0
276	Winelda	0	0	0	0
277	Fire Warrior of Lesarkus	0	425	836	0
278	Cook	0	0	0	0
279	Brother Omad	0	0	0	0
280	Brother Cedric	0	0	0	0
281	Monk	422	0	836	0
282	Thief	386	0	836	0
283	Head Thief	390	0	836	0
284	Doric	0	0	0	0
285	Veronica	0	0	0	0
286	Professor Oddenstein	0	0	0	0
287	Ernest	0	0	0	0
288	Chicken	5387	5388	5389	5387
289	Councillor Halgrive	0	0	0	0
290	Doctor Orbon	0	0	0	0
291	Farmer Brumty	0	0	0	0
292	Guard	0	0	0	0
296	Guard	7218	0	7219	0
297	Guard	7218	0	7220	0
298	Guard	7218	0	7219	0
299	Guard	583	0	7213	0
300	Sedridor	0	0	0	0
301	Twig	0	0	0	0
302	Hadley	0	0	0	0
303	Gerald	0	0	0	0
304	Almera	0	0	0	0
305	Hudon	0	0	0	0
306	Golrie	0	0	0	0
307	Hetty	0	0	0	0
308	Master fisher	0	0	0	0
309	Fishing spot	0	0	0	0
310	Fishing spot	0	0	0	0
311	Fishing spot	0	0	0	0
312	Fishing spot	0	0	0	0
313	Fishing spot	0	0	0	0
314	Fishing spot	0	0	0	0
315	Fishing spot	0	0	0	0
316	Fishing spot	0	0	0	0
317	Fishing spot	0	0	0	0
318	Fishing spot	0	0	0	0
319	Fishing spot	0	0	0	0
320	Fishing spot	0	0	0	0
321	Fishing spot	0	0	0	0
322	Fishing spot	0	0	0	0
323	Fishing spot	0	0	0	0
324	Fishing spot	0	0	0	0
325	Fishing spot	0	0	0	0
326	Fishing spot	0	0	0	0
327	Fishing spot	0	0	0	0
328	Fishing spot	0	0	0	0
329	Fishing spot	0	0	0	0
330	Fishing spot	0	0	0	0
331	Fishing spot	0	0	0	0
332	Fishing spot	0	0	0	0
333	Fishing spot	0	0	0	0
334	Fishing spot	0	0	0	0
335	Elena	0	0	0	0
336	Da Vinci	0	0	0	0
337	Da Vinci	0	0	0	0
338	Chancy	0	0	0	0
339	Chancy	0	0	0	0
340	Hops	0	0	0	0
341	Hops	0	0	0	0
342	Guidor's wife	0	0	0	0
343	Guidor	0	0	0	0
344	Guard	0	0	0	0
345	Guard	0	0	0	0
346	Guard	0	0	0	0
347	Mourner	428	0	836	0
348	Mourner	422	0	836	0
349	Kilron	0	0	0	0
350	Omart	0	0	0	0
351	Man	422	404	836	0
352	Woman	422	404	836	0
353	Woman	422	404	836	0
354	Woman	422	404	836	0
355	Child	0	0	0	0
356	Child	0	0	0	0
357	Mourner	428	0	836	0
358	Priest	0	0	0	0
359	Man	422	404	9055	422
360	Woman	422	404	836	0
361	Woman	422	404	836	422
362	Woman	422	404	836	0
363	Woman	422	404	836	0
364	King Lathas	0	0	0	0
365	Paladin	0	0	0	0
366	Jerico	0	0	0	0
367	Chemist	0	0	0	0
368	Guard	0	0	0	0
369	Mourner	422	0	836	0
370	Mourner (boss)	428	0	836	0
371	Mourner	422	0	836	0
372	Mourner	0	0	0	0
373	Nurse Sarah	0	0	0	0
374	Ogre	359	360	361	359
375	Redbeard Frank	0	0	0	0
376	Captain Tobias	0	0	0	0
377	Seaman Lorris	0	0	0	0
378	Seaman Thresnor	0	0	0	0
379	Luthas	0	0	0	0
380	Customs officer	0	0	0	0
381	Dwarf	0	0	0	0
382	Dwarf	0	0	0	0
383	Stankers	0	0	0	0
384	Barbarian guard	0	0	0	0
385	Kharid Scorpion	0	0	0	0
386	Kharid Scorpion	0	0	0	0
387	Kharid Scorpion	0	0	0	0
388	Seer	0	0	0	0
389	Thormac	0	0	0	0
390	Big fish	2371	0	2373	0
391	River troll	284	285	287	0
392	River troll	284	285	287	0
393	River troll	284	285	287	0
394	River troll	284	285	287	0
395	River troll	284	285	287	0
396	River troll	284	285	287	0
397	Cow	5849	5850	5851	5849
398	Legends guard	0	0	0	0
399	Legends guard	0	0	0	0
400	Radimus Erkle	0	0	0	0
401	Jungle forester	0	0	0	0
402	Jungle forester	0	0	0	0
403	Fishing spot	0	0	0	0
404	Fishing spot	0	0	0	0
405	Fishing spot	0	0	0	0
406	Fishing spot	0	0	0	0
407	Strange Plant	0	0	0	0
408	Strange Plant	353	354	355	0
409	Genie	0	0	0	0
410	Mysterious Old Man	0	0	0	0
411	Swarm	0	0	0	0
412	Bat	4915	4916	4918	4915
413	Rock Golem	0	154	156	5347
414	Rock Golem	0	154	156	5347
415	Rock Golem	0	154	156	5347
416	Rock Golem	0	154	156	5347
417	Rock Golem	0	154	156	5347
418	Rock Golem	0	154	156	5347
419	Zombie	5578	5574	5575	5578
420	Zombie	5578	5574	5575	5578
421	Zombie	5578	5574	5575	5578
422	Zombie	5578	5574	5575	5578
423	Zombie	5578	5574	5575	5578
424	Zombie	5578	5574	5575	5578
425	Shade	390	0	836	0
426	Shade	390	0	836	0
427	Shade	390	0	836	0
428	Shade	390	0	836	0
429	Shade	390	0	836	0
430	Shade	390	0	836	0
431	Cyrisus	0	0	0	0
433	Cyrisus	0	0	0	0
434	Cyrisus	0	0	0	0
435	Fallen Man	0	0	0	0
436	Fallen Man	0	0	0	0
437	Cap'n Izzy No-Beard	0	0	0	0
438	Tree spirit	94	95	97	0
439	Tree spirit	94	95	97	0
440	Tree spirit	94	95	97	0
441	Tree spirit	94	95	97	0
442	Tree spirit	94	95	97	0
443	Tree spirit	94	95	97	0
444	Goblin	6185	6183	6182	6185
445	Goblin	6185	6183	6182	6185
446	Giant rat	4933	4934	4935	0
447	Jail guard	401	0	836	0
448	Jail guard	0	0	836	0
449	Jail guard	401	0	836	0
450	Gull	0	0	0	0
451	Gull	0	0	0	0
452	Seth Groats	0	0	0	0
453	Suit of armour	390	0	836	0
454	Sanfew	0	0	0	0
455	Kaqemeex	0	0	0	0
456	Father Aereck	0	0	0	0
457	Restless ghost	0	0	0	0
458	Father Urhney	0	0	0	0
459	Skeleton	5485	5489	5491	5485
460	Wizard Frumscone	0	0	0	0
461	Magic Store owner	0	0	0	0
462	Wizard Distentor	0	0	0	0
463	Murphy	0	0	0	0
464	Murphy	0	0	0	0
465	Murphy	0	0	0	0
466	Murphy	0	0	0	0
467	Shark	0	0	0	0
468	Shark	0	0	0	0
469	King Bolren	0	0	0	0
470	Commander Montai	0	0	0	0
471	Bolkoy	0	0	0	0
472	Remsai	0	0	0	0
473	Khazard trooper	0	0	0	0
475	Khazard trooper	401	0	836	0
476	Khazard trooper	0	0	0	0
477	Khazard warlord	401	0	836	0
478	Khazard commander	428	0	836	0
479	Gnome troop	190	0	196	0
480	Gnome troop	0	0	0	0
481	Tracker gnome 1	0	0	0	0
482	Tracker gnome 2	0	0	0	0
483	Tracker gnome 3	0	0	0	0
484	Local Gnome	0	0	0	0
485	Local Gnome	0	0	0	0
486	Kalron	0	0	0	0
487	Giant	0	0	0	0
488	Observatory professor	0	0	0	0
489	Goblin guard	6199	0	6190	0
490	Mummy	0	0	0	0
491	Ghost	5540	5541	5542	0
492	Spirit of Scorpius	0	0	0	0
493	Grave scorpion	6261	0	6260	0
494	Banker	0	0	0	0
495	Banker	0	0	0	0
496	Banker	0	0	0	0
497	Banker	0	0	0	0
498	Banker	0	0	0	0
499	Banker	0	0	0	0
500	Mosol Rei	0	0	0	0
501	Spirit of Zadimus	0	0	0	0
502	Undead one	5485	0	5491	0
503	Undead one	5485	0	5491	0
504	Undead one	5568	0	5569	0
505	Undead one	5571	0	5575	0
506	Rashiliyia 	0	0	0	0
507	Nazastarool	5571	5574	5575	0
508	Nazastarool	5507	5508	5509	0
509	Nazastarool	5532	5533	5534	0
510	Hajedy	0	0	0	0
511	Vigroy	0	0	0	0
512	Kaleb Paramaya	0	0	0	0
513	Yohnus	0	0	0	0
514	Seravel	0	0	0	0
515	Yanni Salika	0	0	0	0
516	Obli	0	0	0	0
517	Fernahei	0	0	0	0
518	Captain Shanks	0	0	0	0
519	Bob	0	0	0	0
520	Shopkeeper	0	0	0	0
521	Shop assistant	0	0	0	0
522	Shopkeeper	0	0	0	0
523	Shop assistant	0	0	0	0
524	Shopkeeper	0	0	0	0
525	Shop assistant	0	0	0	0
526	Shopkeeper	0	0	0	0
527	Shop assistant	0	0	0	0
528	Shopkeeper	0	0	0	0
529	Shop assistant	0	0	0	0
530	Shopkeeper	0	0	0	0
531	Shop assistant	0	0	0	0
532	Shopkeeper Kofi	0	0	0	0
533	Shop assistant	0	0	0	0
534	Fairy shopkeeper	0	0	0	0
535	Fairy shop assistant	0	0	0	0
536	Valaine	0	0	0	0
537	Scavvo	0	0	0	0
538	Peksa	0	0	0	0
539	Silk trader	0	0	0	0
540	Gem trader	0	0	0	0
541	Zeke	0	0	0	0
542	Louie Legs	0	0	0	0
543	Karim	0	0	0	0
544	Ranael	0	0	0	0
545	Dommik	0	0	0	0
546	Zaff	0	0	0	0
547	Baraek	0	0	0	0
548	Thessalia	0	0	0	0
549	Horvik	0	0	0	0
550	Lowe	0	0	0	0
551	Shopkeeper	0	0	0	0
552	Shop assistant	0	0	0	0
553	Aubury	0	0	0	0
554	Fancy-dress shop owner	0	0	0	0
555	Shopkeeper	0	0	0	0
556	Grum	0	0	0	0
557	Wydin	0	0	0	0
558	Gerrant	0	0	0	0
559	Brian	0	0	0	0
560	Jiminua	0	0	0	0
561	Shopkeeper	0	0	0	0
562	Candle-maker	0	0	0	0
563	Arhein	0	0	0	0
564	Jukat	0	0	0	0
565	Lunderwin	0	0	0	0
566	Irksol	0	0	0	0
567	Fairy	0	0	0	0
568	Zambo	0	0	0	0
569	Silver merchant	0	0	0	0
570	Gem merchant	0	0	0	0
571	Baker	0	0	0	0
572	Spice seller	0	0	0	0
573	Fur trader	0	0	0	0
574	Silk merchant	0	0	0	0
575	Hickton	0	0	0	0
576	Harry	0	0	0	0
577	Cassie	0	0	0	0
578	Frincos	0	0	0	0
579	Drogo dwarf	0	0	0	0
580	Flynn	0	0	0	0
581	Wayne	0	0	0	0
582	Dwarf	0	0	0	0
583	Betty	0	0	0	0
584	Herquin	0	0	0	0
585	Rommik	0	0	0	0
586	Gaius	0	0	0	0
587	Jatix	0	0	0	0
588	Davon	0	0	0	0
589	Zenesha	0	0	0	0
590	Aemad	0	0	0	0
591	Kortan	0	0	0	0
592	Roachey	0	0	0	0
593	Frenita	0	0	0	0
594	Nurmof	0	0	0	0
595	Tea seller	0	0	0	0
596	Fat Tony	0	0	0	0
597	Noterazzo	0	0	0	0
598	Hairdresser	0	0	0	0
599	Make-over Mage	0	0	0	0
600	Hudo	0	0	0	0
601	Rometti	0	0	0	0
602	Gulluck	0	0	0	0
603	Heckel Funch	0	0	0	0
604	Thurgo	0	0	0	0
605	Sir Vyvin	0	0	0	0
606	Squire	0	0	0	0
607	Gunnjorn	0	0	0	0
608	Sir Amik Varze	0	0	0	0
609	Fortress Guard	428	0	836	0
610	Black Knight Captain	0	0	0	0
611	Witch	0	0	0	0
612	Greldo	0	0	0	0
613	Digsite workman	0	0	0	0
614	Doug Deeping	0	0	0	0
615	Student	0	0	0	0
616	Student	0	0	0	0
617	Student	0	0	0	0
618	Examiner	0	0	0	0
619	Archaeological expert	0	0	0	0
620	Panning guide	0	0	0	0
621	Gnome baller	0	0	0	0
622	Gnome baller	0	0	0	0
623	Gnome baller	0	0	0	0
624	Gnome baller	0	0	0	0
625	Gnome baller	0	0	0	0
626	Gnome baller	0	0	0	0
627	Gnome baller	0	0	0	0
628	Gnome baller	0	0	0	0
629	Gnome baller	0	0	0	0
630	Gnome baller	0	0	0	0
631	Gnome baller	0	0	0	0
632	Gnome baller	0	0	0	0
633	Gnome winger	0	0	0	0
634	Gnome winger	0	0	0	0
635	Gnome ball referee	0	0	0	0
636	Cheerleader	0	0	0	0
637	Juliet	0	0	0	0
638	Apothecary	0	0	0	0
639	Romeo	0	0	0	0
640	Father Lawrence	0	0	0	0
641	Charlie the Tramp	0	0	0	0
642	Katrine	0	0	0	0
643	Weaponsmaster	390	0	836	0
644	Straven	0	0	0	0
645	Jonny the beard	422	0	836	0
646	Curator Haig Halen	0	0	0	0
647	King Roald	0	0	0	0
648	King Roald	0	0	0	0
649	Archer	0	0	0	0
650	Warrior	0	0	0	0
651	Monk	0	0	0	0
652	Wizard	0	0	0	0
653	Fairy Queen	0	0	0	0
654	Shamus	0	0	0	0
655	Tree spirit	5532	0	5534	0
656	Cave monk	0	0	0	0
657	Monk of Entrana	0	0	0	0
658	Monk of Entrana	0	0	0	0
659	Party Pete	0	0	0	0
660	Knight	0	0	0	0
661	Megan	0	0	0	0
662	Lucy	0	0	0	0
663	Man	0	0	0	0
664	Boot	0	0	0	0
665	Boot	0	0	0	0
666	Caleb	0	0	0	0
667	Chronozon	64	65	67	0
668	Johnathon	0	0	0	0
669	Hazelmere	0	0	0	0
670	King Narnode Shareen	0	0	0	0
671	Glough	0	0	0	0
672	Anita	0	0	0	0
673	Charlie	0	0	0	0
674	Foreman	422	0	836	0
675	Shipyard worker	0	0	0	0
676	Femi	0	0	0	0
677	Black demon	64	65	67	64
678	Guard	0	0	0	0
679	Ranging Guild Doorman	0	0	0	0
680	Leatherworker	0	0	0	0
681	Held vampyre juvinate	0	0	0	0
682	Armour salesman	0	0	0	0
683	Bow and Arrow salesman	0	0	0	0
684	Tower Advisor	0	0	0	0
685	Tower Advisor	0	0	0	0
686	Tower Advisor	0	0	0	0
687	Tower Advisor	0	0	0	0
688	Tower Archer	426	0	836	426
689	Tower Archer	426	0	836	426
690	Tower Archer	426	0	836	426
691	Tower Archer	426	0	836	426
692	Tribal Weapon Salesman	0	0	0	0
693	Competition Judge	0	0	0	0
694	Ticket Merchant	0	0	0	0
695	Bailey	0	0	0	0
696	Caroline	0	0	0	0
697	Holgart	0	0	0	0
698	Holgart	0	0	0	0
699	Holgart	0	0	0	0
700	Holgart	0	0	0	0
701	Kent	0	0	0	0
702	Fisherman	0	0	0	0
703	Fisherman	0	0	0	0
704	Fisherman	0	0	0	0
705	Melee tutor	0	0	0	0
706	Wizard Mizgog	0	0	0	0
707	Wizard Grayzag	0	0	0	0
708	Imp	169	170	172	169
709	Imp	169	170	172	169
710	Alrena	0	0	0	0
711	Bravek	0	0	0	0
712	Carla	0	0	0	0
713	Clerk	0	0	0	0
714	Edmond	0	0	0	0
715	Elena	0	0	0	0
716	Head Mourner	0	0	0	0
717	Mourner	0	0	0	0
718	Mourner	0	0	0	0
719	Mourner	0	0	0	0
720	Recruiter	0	0	0	0
721	Ted Rehnison	0	0	0	0
722	Martha Rehnison	0	0	0	0
723	Billy Rehnison	0	0	0	0
724	Milli Rehnison	0	0	0	0
725	Jethick	0	0	0	0
726	Man	0	0	0	0
727	Man	0	0	0	0
728	Man	0	0	0	0
729	Man	0	0	0	0
730	Man	0	0	0	0
731	Bartender	0	0	0	0
732	Bartender	0	0	0	0
733	Bartender	0	0	0	0
734	Bartender	0	0	0	0
735	Bartender	0	0	0	0
736	Emily	0	0	0	0
737	Bartender	0	0	0	0
738	Bartender	0	0	0	0
739	Bartender	0	0	0	0
740	Trufitus	0	0	0	0
741	Duke Horacio	0	0	0	0
742	Elvarg	80	89	4642	0
743	Ned	0	0	0	0
744	Klarense	0	0	0	0
745	Wormbrain	6184	0	6204	0
746	Oracle	0	0	0	0
747	Oziach	0	0	0	0
748	Angry barbarian spirit	0	0	0	0
749	Angry barbarian spirit	6726	0	6727	0
750	Enraged barbarian spirit	6726	0	6727	0
751	Berserk barbarian spirit	6726	0	6727	0
752	Ferocious barbarian spirit	6726	0	6727	0
753	Melzar the Mad	423	0	836	0
754	Peaceful barbarian spirit	0	0	0	0
755	Morgan	0	0	0	0
756	Dr Harlow	0	0	0	0
757	Count Draynor	422	404	9055	422
758	Fred the Farmer	0	0	0	0
759	Kittens	0	0	0	0
761	Kitten	0	0	0	0
762	Kitten	0	0	0	0
763	Kitten	0	0	0	0
764	Kitten	0	0	0	0
765	Kitten	0	0	0	0
766	Kitten	0	0	0	0
767	Crate	192	194	196	0
768	Cat	0	0	0	0
769	Cat	0	0	0	0
770	Cat	0	0	0	0
771	Cat	0	0	0	0
772	Cat	0	0	0	0
773	Cat	0	0	0	0
774	Overgrown cat	0	0	0	0
775	Overgrown cat	0	0	0	0
776	Overgrown cat	0	0	0	0
777	Overgrown cat	0	0	0	0
778	Overgrown cat	0	0	0	0
779	Overgrown cat	0	0	0	0
780	Gertrude	0	0	0	0
781	Shilop	0	0	0	0
782	Philop	0	0	0	0
783	Wilough	0	0	0	0
784	Kanel	0	0	0	0
785	Civilian	0	0	0	0
786	Civilian	0	0	0	0
787	Civilian	0	0	0	0
788	Garv	0	0	0	0
789	Grubor	0	0	0	0
790	Letham	0	0	0	0
791	Seth	0	0	0	0
792	Grip	0	0	0	0
793	Alfonse the waiter	0	0	0	0
794	Charlie the cook	0	0	0	0
795	Ice Queen	422	0	836	0
796	Achietties	0	0	0	0
797	Helemos	0	0	0	0
798	Velrak the explorer	0	0	0	0
799	Pirate Guard	390	0	836	0
800	Fishing spot	0	0	0	0
801	Abbot Langley	0	0	0	0
802	Brother Jered	0	0	0	0
803	Monk	422	0	836	0
804	Tanner	0	0	0	0
805	Master Crafter	0	0	0	0
806	Donovan the Family Handyman	0	0	0	0
807	Pierre	0	0	0	0
808	Hobbes	0	0	0	0
809	Louisa	0	0	0	0
810	Mary	0	0	0	0
811	Stanford	0	0	0	0
812	Guard	0	0	0	0
813	Gossip	0	0	0	0
814	Anna	0	0	0	0
815	Bob	0	0	0	0
816	Carol	0	0	0	0
817	David	0	0	0	0
818	Elizabeth	0	0	0	0
819	Frank	0	0	0	0
820	Poison Salesman	0	0	0	0
821	Sinclair Guard dog	0	0	0	0
822	Ana	0	0	0	0
823	Ana	0	0	0	0
824	Female slave	0	0	0	0
825	Male slave	0	0	0	0
826	Escaping slave	0	0	0	0
827	Rowdy slave	422	0	836	0
828	Shanty Claws	0	0	0	0
829	Mercenary Captain	0	0	0	0
830	Mercenary Captain	390	0	836	0
831	Captain Siad	0	0	0	0
832	Al Shabim	0	0	0	0
833	Bedabin Nomad	0	0	0	0
834	Bedabin Nomad Guard	0	0	0	0
835	Irena	0	0	0	0
836	Shantay	0	0	0	0
837	Shantay Guard	390	0	836	0
838	Shantay Guard	0	0	0	0
839	Desert Wolf	6559	0	6558	0
840	Ugthanki	0	0	9674	0
841	Mine cart driver	0	0	0	0
842	Rowdy Guard	185	0	188	0
843	RPDT employee	0	0	0	0
844	Horacio	0	0	0	0
846	Kangai Mau	0	0	0	0
847	Head chef	0	0	0	0
848	Blurberry	0	0	0	0
849	Barman	0	0	0	0
850	Aluft Gianne snr.	0	0	0	0
851	Gnome Waiter	0	0	0	0
852	Ogre chieftain	0	0	0	0
853	Og	0	0	0	0
854	Grew	0	0	0	0
855	Toban	0	0	0	0
856	Gorad	0	0	0	0
857	Ogre guard	0	0	0	0
858	Ogre guard	0	0	0	0
859	Ogre guard	0	0	0	0
860	Ogre guard	0	0	0	0
861	Ogre guard	0	0	0	0
862	City guard	2100	0	8576	0
863	Scared skavid	0	0	0	0
864	Mad skavid	0	0	0	0
865	Skavid	0	0	0	0
866	Skavid	0	0	0	0
867	Skavid	0	0	0	0
868	Skavid	0	0	0	0
869	Skavid	0	0	0	0
870	Enclave guard	2100	0	8576	0
871	Watchtower Wizard	0	0	0	0
872	Watchtower Wizard	0	0	0	0
873	Ogre trader	0	0	0	0
874	Ogre merchant	0	0	0	0
875	Ogre trader	0	0	0	0
876	Ogre trader	0	0	0	0
877	Tower guard	386	0	836	0
878	Colonel Radick	395	425	836	0
879	Delrith	64	65	67	0
880	Weakened Delrith	0	0	0	0
881	Traiborn	0	0	0	0
882	Gypsy Aris	0	0	0	0
883	Sir Prysin	0	0	0	0
884	Captain Rovin	0	0	0	0
885	Ceril Carnillean	0	0	0	0
886	Claus the chef	0	0	0	0
887	Guard	0	0	0	0
888	Philipe Carnillean	0	0	0	0
889	Henryeta Carnillean	0	0	0	0
890	Butler Jones	0	0	0	0
891	Alomone	0	0	0	0
892	Hazeel	0	0	0	0
893	Clivet	811	425	836	0
894	Hazeel Cultist	422	0	836	0
895	Boy	0	0	0	0
896	Nora T. Hagg	0	0	0	0
897	Witch's experiment	255	0	258	0
898	Witch's experiment (second form)	5327	0	5329	0
899	Witch's experiment (third form)	4925	0	4929	0
900	Witch's experiment (fourth form)	6559	0	6558	0
901	Mouse	0	0	0	0
902	Gundai	0	0	0	0
903	Lundail	0	0	0	0
904	Chamber guardian	0	0	0	0
905	Kolodion	0	0	0	0
906	Kolodion	0	0	0	0
907	Kolodion	811	404	1816	0
908	Kolodion	132	404	133	0
909	Kolodion	5322	5320	5323	0
910	Kolodion	811	404	714	0
911	Kolodion	69	65	68	0
912	Battle mage	811	0	836	0
913	Battle mage	811	0	836	0
914	Battle mage	197	0	196	0
915	Leela	0	0	0	0
916	Joe	0	0	0	0
917	Jail guard	401	0	836	0
918	Ned	0	0	0	0
919	Lady Keli	0	0	0	0
920	Prince Ali	0	0	0	0
921	Prince Ali	0	0	0	0
922	Aggie	0	0	0	0
923	Hassan	0	0	0	0
924	Osman	0	0	0	0
925	Border Guard	0	0	0	0
926	Border Guard	0	0	0	0
927	Fishing spot	0	0	0	0
928	Gujuo	0	0	0	0
929	Ungadulu	0	0	0	0
930	Ungadulu	0	0	0	0
931	Jungle savage	428	0	836	0
932	Fionella	0	0	0	0
933	Siegfried Erkle	0	0	0	0
934	Nezikchened	64	65	67	0
935	Viyeldi	0	0	0	0
936	San Tojalon	0	0	0	0
937	Irvig Senay	0	0	0	0
938	Ranalph Devere	5485	5489	5491	0
939	Boulder	0	0	0	0
940	Echned Zekin	0	0	0	0
941	Green dragon	80	89	92	80
942	Master chef	0	0	0	0
943	Survival expert	0	0	0	0
944	Combat instructor	0	0	0	0
945	RuneScape guide	0	0	0	0
946	Magic instructor	0	0	0	0
947	Financial advisor	0	0	0	0
948	Mining instructor	0	0	0	0
949	Quest guide	0	0	0	0
950	Giant rat	4933	4934	4935	0
951	Chicken	5387	5388	5389	5387
952	Fishing spot	0	0	0	0
953	Banker	0	0	0	0
954	Brother Brace	0	0	0	0
955	Cow	5849	5850	5851	5849
956	Drunken Dwarf	99	101	102	99
957	Mubariz	0	0	0	0
958	Fadli	0	0	0	0
959	A'abla	0	0	0	0
960	Sabreen	0	0	0	0
961	Surgeon General Tafani	0	0	0	0
962	Jaraah	0	0	0	0
963	Zahwa	0	0	0	0
964	Ima	0	0	0	0
965	Sabeil	0	0	0	0
966	Jadid	0	0	0	0
967	Dalal	0	0	0	0
968	Afrah	0	0	0	0
969	Jeed	0	0	0	0
970	Diango	0	0	0	0
971	Chadwell	0	0	0	0
972	Koftik	0	0	0	0
973	Koftik	0	0	0	0
974	Koftik	0	0	0	0
975	Koftik	0	0	0	0
976	Koftik	0	0	0	0
977	Blessed spider	5327	0	5329	0
978	Blessed giant rat	0	0	0	0
979	Slave	0	0	0	0
980	Slave	0	0	0	0
981	Slave	0	0	0	0
982	Slave	0	0	0	0
983	Slave	0	0	0	0
984	Slave	0	0	0	0
985	Slave	0	0	0	0
986	Boulder	0	0	0	0
987	Unicorn	0	0	0	0
988	Sir Jerro	400	425	836	0
989	Sir Carl	400	425	836	0
990	Sir Harry	400	425	836	0
991	Half-soulless	0	0	0	0
992	Kardia	0	0	0	0
993	Witch's cat	0	0	0	0
994	Niloof	0	0	0	0
995	Klank	0	0	0	0
996	Kamen	0	0	0	0
997	Kalrag	5319	5320	5321	0
998	Othainian	64	65	67	0
999	Doomion	64	65	67	0
1000	Holthion	64	65	67	0
1001	Dark mage	0	0	0	0
1002	Disciple of Iban	422	0	836	0
1003	Lord Iban	0	0	0	0
1004	Spider	6249	6250	6251	0
1005	Giant bat	0	0	0	0
1006	Sea slug	0	0	0	0
1007	Zamorak wizard	811	0	836	0
1008	Hamid	0	0	0	0
1009	Poison spider	5327	5328	5329	0
1010	Rantz	0	0	0	3460
1011	Fycie	0	0	0	0
1012	Bugs	0	0	0	0
1013	Swamp toad	0	0	0	0
1014	Bloated Toad	0	0	0	0
1015	Iron pickaxe	0	0	0	0
1016	Chompy bird	0	0	0	0
1017	Chicken	5387	5388	5389	5387
1018	Rooster	5387	0	5389	0
1019	Fire elemental	1029	0	1031	0
1020	Earth elemental	4868	4869	4870	0
1021	Air elemental	1040	0	1041	0
1022	Water elemental	1044	0	1048	0
1023	Vampire	7183	0	7185	0
1024	Baby impling	0	0	0	0
1028	Baby Impling	0	0	0	0
1029	Young Impling	0	0	0	0
1030	Gourmet Impling	0	0	0	0
1031	Earth Impling	0	0	0	0
1032	Essence Impling	0	0	0	0
1033	Eclectic Impling	0	0	0	0
1034	Nature Impling	0	0	0	0
1035	Magpie Impling	0	0	0	0
1036	Banker	0	0	0	0
1037	Prissy Scilla	0	0	0	0
1038	Rufus	0	0	0	0
1039	Barker	0	0	0	0
1040	Fidelio	0	0	0	0
1041	Sbott	0	0	0	0
1042	Roavar	0	0	0	0
1043	Will o' the wisp	0	0	0	0
1044	Monk of Zamorak	422	404	836	0
1045	Monk of Zamorak	422	404	836	0
1046	Monk of Zamorak	422	404	836	0
1047	Drezel	0	0	0	0
1049	Drezel	0	0	0	0
1050	Filiman Tarlock	0	0	0	0
1051	Nature Spirit	0	0	0	0
1052	Ghast	0	0	0	0
1053	Ghast	1087	1088	1089	0
1054	Ulizius	0	0	0	0
1055	Pirate Jackie the Fruit	0	0	0	0
1056	Mime	0	0	0	0
1057	Strange watcher	0	0	0	0
1058	Strange watcher	0	0	0	0
1059	Strange watcher	0	0	0	0
1060	Denulth	0	0	0	0
1061	Sergeant	0	0	0	0
1062	Sergeant	0	0	0	0
1063	Soldier	0	0	0	0
1064	Soldier	0	0	0	0
1065	Soldier	0	0	0	0
1066	Soldier	0	0	0	0
1067	Soldier	0	0	0	0
1068	Soldier	0	0	0	0
1069	Soldier	0	0	0	0
1070	Saba	0	0	0	0
1071	Tenzing	0	0	0	0
1072	Eadburg	422	425	836	0
1073	Archer	426	404	9055	426
1074	Archer	426	404	9055	426
1075	Archer	0	0	0	0
1076	Guard	401	404	836	0
1077	Guard	401	404	836	0
1078	Harold	0	0	0	0
1079	Tostig	0	0	0	0
1080	Eohric	0	0	0	0
1081	Servant	422	425	836	0
1082	Dunstan	0	0	0	0
1083	Wistan	0	0	0	0
1084	Breoca	422	425	836	0
1085	Ocga	422	425	836	0
1086	Man	0	0	0	0
1087	Penda	422	425	836	0
1088	Hygd	422	425	836	0
1089	Ceolburg	422	425	836	0
1090	Hild	0	0	0	0
1091	Bob	0	0	0	0
1092	White Knight	7042	0	836	0
1093	Billy	0	0	0	0
1094	Mountain goat	0	0	0	0
1095	Rock	6523	0	0	0
1096	Stick	284	285	287	284
1097	Pee Hat	284	285	287	284
1098	Kraka	284	285	287	284
1099	Dung	0	0	0	0
1100	Ash	0	0	0	0
1101	Thrower Troll	284	285	287	284
1102	Thrower Troll	284	285	287	284
1103	Thrower Troll	284	285	287	284
1104	Thrower Troll	284	285	287	284
1105	Thrower Troll	284	285	287	284
1106	Mountain troll	284	285	287	284
1107	Mountain troll	284	285	287	284
1108	Mountain troll	284	285	287	284
1109	Mountain troll	284	285	287	284
1110	Mountain troll	284	285	287	284
1111	Mountain troll	284	285	287	284
1112	Mountain troll	284	285	287	284
1113	Eadgar	0	0	0	0
1114	Godric	0	0	0	0
1115	Troll general	1259	0	287	0
1116	Troll general	1259	0	287	0
1117	Troll general	1259	0	287	0
1118	Troll spectator	1259	0	287	0
1119	Troll spectator	1259	0	287	0
1120	Troll spectator	1259	0	287	0
1121	Troll spectator	1259	0	287	0
1122	Troll spectator	1259	0	287	0
1123	Troll spectator	1259	0	287	0
1124	Troll spectator	1259	0	287	0
1125	Dad	1158	0	287	0
1126	Twig	1158	0	287	0
1127	Berry	1158	0	287	0
1128	Twig	0	0	0	0
1129	Berry	0	0	0	0
1130	Thrower troll	284	285	287	284
1131	Thrower troll	284	285	287	284
1132	Thrower troll	284	285	287	284
1133	Thrower troll	284	285	287	284
1134	Thrower troll	284	285	287	284
1135	Cook	0	0	0	0
1136	Cook	0	0	0	0
1137	Cook	0	0	0	0
1138	Mountain troll	284	285	287	284
1139	Mushroom	0	0	0	0
1140	Mountain goat	0	0	0	0
1141	Mountain goat	0	0	0	0
1142	Guard	0	0	0	0
1143	Guard	0	0	0	0
1144	Guard	0	0	0	0
1145	Guard	0	0	0	0
1146	Guard	0	0	0	0
1147	Guard	0	0	0	0
1148	Guard	0	0	0	0
1149	Guard	0	0	0	0
1150	Guard	0	0	0	0
1151	Burntmeat	0	0	0	0
1152	Weird Old Man	0	0	0	0
1153	Kalphite Worker	6223	6232	6230	6223
1154	Kalphite Soldier	6224	6227	6228	0
1155	Kalphite Guardian	6223	6232	6230	6223
1156	Kalphite Worker	6223	6232	6230	6223
1157	Kalphite Guardian	6223	6232	6230	6223
1158	Kalphite Queen	6241	6232	6242	6241
1159	Kalphite Queen	0	0	0	0
1160	Kalphite Queen	6235	6234	6233	6235
1161	Kalphite Larva	0	0	0	0
1162	Timfraku	0	0	0	0
1163	Tiadeche	0	0	0	0
1164	Tiadeche	0	0	0	0
1165	Tinsay	0	0	0	0
1166	Tinsay	0	0	0	0
1167	Tamayu	0	0	0	0
1168	Tamayu	0	0	0	0
1169	Tamayu	0	0	0	0
1170	Tamayu	0	0	0	0
1171	Lubufu	0	0	0	0
1172	The Shaikahan	1199	1200	1201	1197
1173	The Shaikahan	0	0	0	0
1174	Fishing spot	0	0	0	0
1175	Fishing spot	0	0	0	0
1176	Fishing spot	0	0	0	0
1177	Fishing spot	0	0	0	0
1178	Fishing spot	0	0	0	0
1179	Gull	0	0	0	0
1180	Cormorant	0	0	0	0
1181	Pelican	0	0	0	0
1182	Lord Iorwerth	0	0	0	0
1183	Elf warrior	428	0	836	426
1184	Elf warrior	428	0	836	0
1185	Elven city guard	0	0	0	0
1186	Idris	0	0	0	0
1187	Essyllt	0	0	0	0
1188	Morvran	0	0	0	0
1189	Fishing spot	0	0	0	0
1190	Fishing spot	0	0	0	0
1191	Fishing spot	0	0	0	0
1192	Rabbit	6090	0	6092	0
1193	Rabbit	6090	6091	6092	0
1194	Rabbit	6090	6091	6092	0
1195	Grizzly bear	4921	4927	4929	0
1196	Grizzly bear cub	0	0	0	0
1197	Grizzly bear cub	0	0	0	0
1198	Dire Wolf	6559	0	6558	0
1199	Elf Tracker	0	0	0	0
1200	Tyras guard	414	0	836	0
1201	Elf warrior	426	425	836	0
1202	Arianwyn	0	0	0	0
1203	Tyras guard	395	425	836	0
1204	Tyras guard	395	425	836	0
1205	Tyras guard	0	0	0	0
1206	Tyras guard	0	0	0	0
1207	Quartermaster	0	0	0	0
1208	Quartermaster	0	0	0	0
1209	Koftik	0	0	0	0
1210	Kings messenger	0	0	0	0
1211	Will o' the wisp	0	0	0	0
1212	Will o' the wisp	0	0	0	0
1213	Tegid	0	0	0	0
1214	Thistle	0	0	0	0
1215	Parrots	0	0	0	0
1216	Parroty Pete	0	0	0	0
1217	Gardener	433	0	836	0
1218	Ghoul	422	404	9055	422
1219	Leech	1273	0	1272	0
1220	Vampire	1264	0	7185	0
1221	Spider	0	0	0	0
1222	Mist	0	0	0	0
1223	Vampire	1264	0	0	0
1224	Vampyric hound	0	0	0	0
1225	Vampire	0	0	0	0
1226	Tree	0	0	0	0
1227	Myre Blamish Snail	8143	0	8144	0
1228	Blood Blamish Snail	8143	0	8144	0
1229	Ochre Blamish Snail	8143	0	8144	0
1230	Bruise Blamish Snail	8143	0	8144	0
1231	Bark Blamish Snail	8143	0	8144	0
1232	Myre Blamish Snail	8143	0	8144	0
1233	Blood Blamish Snail	8143	0	8144	0
1234	Ochre Blamish Snail	8143	0	8144	0
1235	Bruise Blamish Snail	8143	0	8144	0
1236	Fishing spot	0	0	0	0
1237	Fishing spot	0	0	0	0
1238	Fishing spot	0	0	0	0
1239	Bedabin Nomad Fighter	390	0	836	0
1240	Loar Shadow	0	0	0	0
1241	Loar Shade	1283	1284	1308	0
1242	Shade Spirit	0	0	0	0
1243	Phrin Shadow	0	0	0	0
1244	Phrin Shade	1283	0	1287	0
1245	Riyl Shadow	0	0	0	0
1246	Riyl Shade	1283	0	1287	0
1247	Asyn Shadow	0	0	0	0
1248	Asyn Shade	1283	0	1287	0
1249	Fiyr Shadow	0	0	0	0
1250	Fiyr Shade	1283	0	1287	0
1251	Afflicted(Ulsquire)	0	0	0	0
1252	Ulsquire Shauncy	0	0	0	0
1253	Afflicted(Razmire)	0	0	0	0
1254	Razmire Keelgan	0	0	0	0
1255	Mort'ton Local	0	0	0	0
1256	Mort'ton Local	0	0	0	0
1257	Afflicted	422	0	836	0
1258	Afflicted	422	0	836	0
1259	Mort'ton local	0	0	0	0
1260	Mort'ton local	0	0	0	0
1261	Afflicted	422	0	836	0
1262	Afflicted	422	0	836	0
1263	Wizard	0	0	0	0
1264	Saradomin wizard	376	0	836	0
1265	Rock Crab	1312	1313	1314	1312
1266	Rocks	1312	1313	1314	1312
1267	Rock Crab	1312	1313	1314	1312
1268	Rocks	1312	1313	1314	1312
1269	Olaf the Bard	1312	1313	1314	1312
1270	Lalli	0	0	0	0
1271	Golden sheep	0	0	0	0
1272	Golden sheep	0	0	0	0
1273	Fossegrimen	0	0	0	0
1274	Ospak	0	0	0	0
1275	Styrmir	0	0	0	0
1276	Torbrund	0	0	0	0
1277	Fridgeir	0	0	0	0
1278	Longhall Bouncer	0	0	0	0
1279	The Draugen	390	0	836	0
1280	Butterfly	0	0	0	0
1281	Sigli the Huntsman	0	0	0	0
1282	Sigmund The Merchant	0	0	0	0
1283	Swensen the Navigator	0	0	0	0
1284	Bjorn	0	0	0	0
1285	Eldgrim	0	0	0	0
1286	Manni the Reveller	0	0	0	0
1287	Council workman	0	0	0	0
1288	Peer the Seer	0	0	0	0
1289	Thorvald the Warrior	0	0	0	0
1290	Koschei the deathless	390	0	836	0
1291	Koschei the deathless	390	0	836	0
1292	Koschei the deathless	390	0	836	0
1293	Koschei the deathless	390	0	836	0
1294	Brundt the Chieftain	0	0	0	0
1295	Askeladden	0	0	0	0
1296	Guard	0	0	0	0
1297	Guard	0	0	0	0
1298	Town Guard	0	0	0	0
1299	Town Guard	0	0	0	0
1300	A bartender.	0	0	0	0
1301	Yrsa	0	0	0	0
1302	Fisherman	0	0	0	0
1303	Skulgrimen	0	0	0	0
1304	Sailor	0	0	0	0
1305	Agnar	422	425	836	0
1306	Freidir	422	425	836	0
1307	Borrokar	395	425	836	0
1308	Lanzig	422	425	836	0
1309	Pontak	422	425	836	0
1310	Freygerd	0	0	0	0
1311	Lensa	0	0	0	0
1312	Jennella	0	0	0	0
1313	Sassilik	0	0	0	0
1314	Inga	0	0	0	0
1315	Fish monger	0	0	0	0
1316	Fur trader	0	0	0	0
1317	Market Guard	390	0	836	0
1318	Warrior	401	0	836	0
1319	Fox	6562	0	6570	0
1320	Bunny	1245	0	1246	0
1321	Bunny	1245	1244	1246	0
1322	Gull	0	0	0	0
1323	Gull	0	0	0	0
1324	Gull	0	0	0	0
1325	Gull	0	0	0	0
1326	Bear Cub	0	0	0	0
1327	Bear Cub	0	0	0	0
1328	Unicorn Foal	6376	6375	6377	6376
1329	Black unicorn Foal	6376	0	6377	0
1330	Wolf	6559	0	6558	0
1331	Fishing spot	0	0	0	0
1332	Fishing spot	0	0	0	0
1333	Fishing spot	0	0	0	0
1334	Jossik	0	0	0	0
1335	Jossik	0	0	0	0
1336	Larrissa	0	0	0	0
1337	Larrissa	0	0	0	0
1338	Dagannoth	1340	1340	1342	1340
1339	Dagannoth	1343	1340	1342	1340
1340	Dagannoth	1343	1340	1342	1340
1341	Dagannoth	1341	1340	1342	0
1342	Dagannoth	1341	1340	1342	0
1343	Dagannoth	1341	1340	1342	0
1344	Dagannoth	0	0	0	0
1345	Dagannoth	0	0	0	0
1346	Dagannoth	0	0	0	0
1347	Dagannoth	1341	1340	1342	0
1348	Dagannoth mother	1341	1340	1342	1340
1349	Dagannoth mother	1341	1340	1342	1340
1350	Dagannoth mother	1341	1340	1342	1340
1351	Dagannoth mother	1341	1340	1342	1340
1352	Dagannoth mother	1341	1340	1342	1340
1353	Dagannoth mother	1341	1340	1342	1340
1354	Dagannoth mother	1341	1340	1342	1340
1355	Dagannoth mother	1341	1340	1342	1340
1356	Dagannoth mother	1341	1340	1342	1340
1357	Sam	0	0	0	0
1358	Rachael	0	0	0	0
1359	Queen Sigrid	0	0	0	0
1360	Banker	0	0	0	0
1361	Arnor	0	0	0	0
1362	Haming	0	0	0	0
1363	Moldof	0	0	0	0
1364	Helga	0	0	0	0
1365	Matilda	0	0	0	0
1366	Ashild	0	0	0	0
1367	Skraeling	401	425	836	0
1368	Skraeling	395	425	836	0
1369	Fishmonger	0	0	0	0
1370	Greengrocer	0	0	0	0
1371	Prince Brand	0	0	0	0
1372	Princess Astrid	0	0	0	0
1373	King Vargas	0	0	0	0
1374	Guard	0	0	0	0
1375	Advisor Ghrim	0	0	0	0
1376	Derrik	0	0	0	0
1377	Farmer	0	0	0	0
1378	Flower Girl	0	0	0	0
1379	Ragnar	0	0	0	0
1380	Einar	0	0	0	0
1381	Alrik	422	425	836	0
1382	Thorhild	0	0	0	0
1383	Halla	0	0	0	0
1384	Yrsa	0	0	0	0
1385	Sailor	0	0	0	0
1386	Rannveig	422	425	836	0
1387	Thora	0	0	0	0
1388	Valgerd	422	425	836	0
1389	Skraeling	395	425	836	0
1390	Broddi	422	425	836	0
1391	Skraeling	395	425	836	0
1392	Ragnvald	810	425	836	0
1393	Fishmonger	0	0	0	0
1394	Greengrocer	0	0	0	0
1395	Lumberjack Leif	0	0	0	0
1396	Miner Magnus	0	0	0	0
1397	Fisherman Frodi	0	0	0	0
1398	Gardener Gunnhild	0	0	0	0
1399	Fishing spot	0	0	0	0
1400	Gull	0	0	0	0
1401	Chicken	5387	5388	5389	5387
1402	Chicken	5387	5388	5389	5387
1403	Rooster	5387	5388	5389	0
1404	Rabbit	6090	6091	6092	0
1405	Fishing spot	0	0	0	0
1406	Fishing spot	0	0	0	0
1407	Daero	0	0	0	0
1408	Waydar	0	0	0	0
1409	Waydar	0	0	0	0
1410	Waydar	0	0	0	0
1411	Garkor	0	0	0	0
1412	Garkor	0	0	0	0
1413	Lumo	0	0	0	0
1414	Lumo	0	0	0	0
1415	Bunkdo	0	0	0	0
1416	Bunkdo	0	0	0	0
1417	Carado	0	0	0	0
1418	Carado	0	0	0	0
1419	Lumdo	0	0	0	0
1420	Karam	0	0	0	0
1421	Karam	0	0	0	0
1422	Karam	0	0	0	0
1423	Bunkwicket	0	0	0	0
1424	Waymottin	0	0	0	0
1425	Zooknock	0	0	0	0
1426	Zooknock	0	0	0	0
1427	G.L.O. Caranock	0	0	0	0
1428	G.L.O. Caranock	0	0	0	0
1429	Dugopul	0	0	0	0
1430	Salenab	0	0	0	0
1431	Trefaji	0	0	0	0
1432	Aberab	0	0	0	0
1433	Solihib	0	0	0	0
1434	Daga	0	0	0	0
1435	Tutab	0	0	0	0
1436	Ifaba	0	0	0	0
1437	Hamab	0	0	0	0
1438	Hafuba	0	0	0	0
1439	Denadu	0	0	0	0
1440	Lofu	0	0	0	0
1441	Kruk	0	0	0	0
1442	Duke	1383	1393	1384	0
1443	Oipuis	1383	1393	1384	0
1444	Uyoro	1383	1393	1384	0
1445	Ouhai	1383	1387	1384	0
1446	Uodai	1383	1393	1384	0
1447	Padulah	1383	1393	1384	0
1448	Awowogei	0	0	0	0
1449	Uwogo	0	0	0	0
1450	Muruwoi	0	0	0	0
1451	Sleeping Monkey	0	0	0	0
1452	Monkey Child	0	0	0	0
1453	The Monkey's Uncle	0	0	0	0
1454	The Monkey's Aunt	0	0	0	0
1455	Monkey Guard	1392	0	1384	0
1456	Monkey Archer	0	0	0	1394
1457	Monkey Archer	1394	1393	1384	0
1458	Monkey Archer	1394	1393	1384	0
1459	Monkey Guard	1402	1403	1404	1402
1460	Monkey Guard	1402	0	1404	0
1461	Elder Guard	0	0	0	0
1462	Elder Guard	0	0	0	0
1463	Monkey	0	0	0	0
1464	Monkey	0	0	0	0
1465	Monkey Zombie	1383	1393	1384	0
1466	Monkey Zombie	1392	1393	1384	0
1467	Monkey Zombie	1392	1393	1384	0
1468	Bonzara	0	0	0	0
1469	Monkey minder	0	0	0	0
1470	Foreman	0	0	0	0
1471	Skeleton	5519	5520	5521	5519
1472	Jungle demon	0	0	0	0
1473	Spider	6249	6250	6251	0
1474	Spider	0	0	0	0
1475	Bird	6775	0	6779	0
1476	Bird	6775	0	6777	0
1477	Scorpion	0	0	0	0
1478	Jungle spider	5327	0	5329	0
1479	Snake	0	0	0	0
1480	Small ninja monkey	0	0	0	0
1481	Medium ninja monkey	0	0	0	0
1482	Gorilla	0	0	0	0
1483	Bearded gorilla	0	0	0	0
1484	Ancient monkey	0	0	0	0
1485	Small zombie monkey	0	0	0	0
1486	Large zombie monkey	0	0	0	0
1487	Monkey	0	0	0	0
1488	Dummy	0	0	0	0
1489	Dummy	0	0	0	0
1490	Dummy	0	0	0	0
1491	Dummy	0	0	0	0
1492	Dummy	0	0	0	0
1493	Dummy	0	0	0	0
1494	Dummy	0	0	0	0
1495	Dummy	0	0	0	0
1496	Dummy	0	0	0	0
1497	Dummy	0	0	0	0
1498	Dummy	0	0	0	0
1499	Dummy	0	0	0	0
1500	Dummy	0	0	0	0
1501	Dummy	0	0	0	0
1502	Dummy	0	0	0	0
1503	Dummy	0	0	0	0
1504	Dummy	0	0	0	0
1505	Dummy	0	0	0	0
1506	Dummy	0	0	0	0
1507	Dummy	0	0	0	0
1508	Forester	0	0	0	0
1509	Woman-at-arms	0	0	0	0
1510	Apprentice	0	0	0	0
1511	Ranger	0	0	0	0
1512	Adventurer	0	0	0	0
1513	Mage	0	0	0	0
1514	Hiylik Myna	0	0	0	0
1515	Nail beast	0	0	0	0
1521	Nail beast	5989	0	5990	0
1522	Nail beast	0	0	0	0
1523	Nail beast	0	0	0	0
1524	Undead Lumberjack	5970	0	5972	0
1525	Undead Lumberjack	0	0	0	0
1526	Lanthus	0	0	0	0
1527	Mine cart	0	0	0	0
1528	Zealot	0	0	0	0
1529	Sheep	0	0	0	0
1530	Rabbit	0	0	0	0
1531	Imp	0	0	0	0
1532	Barricade	0	0	9658	0
1533	Barricade	0	0	9658	0
1534	Barricade	0	0	9658	0
1535	Barricade	0	0	9658	0
1536	Possessed pickaxe	185	186	188	0
1537	Haze	0	0	0	0
1538	Corpse	0	0	0	0
1539	Skeletal miner	5485	0	5491	0
1540	Treus Dayth	5540	5541	5542	5545
1541	Ghost	0	0	0	0
1542	Loading crane	0	0	0	0
1543	Innocent-looking key	0	0	0	0
1544	Mine cart	0	0	0	0
1545	Mine cart	0	0	0	0
1546	Mine cart	0	0	0	0
1547	Mine cart	0	0	0	0
1548	Mine cart	0	0	0	0
1549	Ghost	5540	5541	5542	0
1550	Chompy bird	6761	0	6762	0
1551	Mischievous ghost	0	0	0	0
1552	Santa	0	0	0	0
1553	Ug	0	0	0	0
1554	Aga	0	0	0	0
1555	Arrg	0	0	0	0
1556	Arrg	0	0	0	0
1557	Ug	0	0	0	0
1558	Ice wolf	6559	0	6558	0
1559	Ice wolf	0	0	0	0
1560	Ice Troll	284	285	287	0
1561	Ice Troll	284	285	287	0
1562	Ice Troll	284	285	287	0
1563	Ice Troll	284	285	287	0
1564	Ice Troll	284	285	287	0
1565	Ice Troll	284	285	287	0
1566	Ice Troll	284	285	287	0
1567	Cyreg Paddlehorn	0	0	0	0
1568	Curpile Fyod	0	0	0	0
1569	Veliaf Hurtz	0	0	0	0
1570	Sani Piliu	0	0	0	0
1571	Harold Evans	0	0	0	0
1572	Radigad Ponfit	0	0	0	0
1573	Polmafi Ferdygris	0	0	0	0
1574	Ivan Strom	0	0	0	0
1575	Skeleton Hellhound	0	0	0	0
1576	Stranger	0	0	0	0
1577	Vanstrom Klause	0	0	0	0
1578	Mist	0	0	0	0
1579	Vanstrom Klause	0	0	0	0
1580	Vanstrom Klause	0	0	0	0
1581	Vanstrom Klause	0	0	0	0
1582	Fire giant	4666	4664	4668	4666
1583	Fire giant	4666	4664	4668	4666
1584	Fire giant	4666	4664	4668	4666
1585	Fire giant	4666	4664	4668	4666
1586	Fire giant	4666	4664	4668	4666
1587	Moss giant	4666	4665	4668	4666
1588	Moss giant	4666	4665	4668	4666
1589	Baby red dragon	25	26	28	25
1590	Bronze dragon	80	89	92	80
1591	Iron dragon	80	89	92	80
1592	Steel dragon	80	89	92	80
1593	Wild dog	6562	6563	6564	6562
1594	Wild dog	6562	6563	6564	6562
1595	Saniboch	0	0	0	0
1596	Vannaka	0	0	0	0
1597	Vannaka	0	0	0	0
1598	Chaeldar	0	0	0	0
1599	Cave crawler	0	0	0	0
1600	Cave crawler	266	267	265	266
1601	Cave crawler	266	267	265	266
1602	Cave crawler	266	267	265	266
1603	Cave crawler	266	267	265	266
1604	Aberrant spectre	9466	9468	9467	1507
1605	Aberrant spectre	9466	9468	9467	1507
1606	Aberrant spectre	9466	9468	9467	1507
1607	Aberrant spectre	9466	9468	9467	1507
1608	Kurask	9439	9441	9440	9439
1609	Kurask	9439	9441	9440	9439
1610	Gargoyle	9454	9455	1518	1516
1611	Swarming turoth	1516	0	1518	1516
1612	Banshee	9449	9451	9450	1523
1613	Nechryael	9487	9489	9488	1528
1614	Death spawn	1540	0	9460	1540
1615	Abyssal demon	1537	0	1538	1537
1616	Basilisk	260	261	264	260
1617	Basilisk	260	261	264	260
1618	Bloodveld	9130	9132	9131	1552
1619	Bloodveld	9130	9132	9131	1552
1620	Cockatrice	7762	7761	7763	7762
1621	Cockatrice	7762	7761	7763	7762
1622	Turoth	9471	9473	9472	9471
1623	Turoth	9471	9473	9472	9471
1624	Dust devil	1557	1555	1558	1557
1625	Smokedevil	1557	0	1558	0
1626	Turoth	9471	9473	9472	9471
1627	Turoth	9471	9473	9472	9471
1628	Turoth	9471	9473	9472	9471
1629	Turoth	9471	9473	9472	9471
1630	Turoth	9471	9473	9472	9471
1631	Rockslug	1595	1596	1597	1595
1632	Rockslug	1595	1596	1597	1595
1633	Pyrefiend	8080	8084	8078	0
1634	Pyrefiend	8080	8084	8078	0
1635	Pyrefiend	8080	8084	8078	0
1636	Pyrefiend	8080	8084	8078	0
1637	Jelly	8569	8571	8570	8569
1638	Jelly	8569	0	8570	0
1639	Jelly	8569	0	8570	0
1640	Jelly	8569	0	8570	0
1641	Jelly	8569	8571	0	0
1642	Jelly	8569	8571	0	0
1643	Infernal Mage	811	0	836	811
1644	Infernal Mage	811	0	836	811
1645	Infernal Mage	811	0	836	811
1646	Infernal Mage	811	0	836	811
1647	Infernal Mage	811	0	836	811
1648	Crawling Hand	9125	9127	9126	9125
1649	Crawling Hand	9125	0	9126	0
1650	Crawling Hand	9125	0	9126	0
1651	Crawling Hand	9125	0	9126	0
1652	Crawling Hand	9125	0	9126	0
1653	Crawling Hand	9444	0	9445	0
1654	Crawling Hand	9444	0	9445	0
1655	Crawling Hand	9444	0	9445	0
1656	Crawling Hand	9444	0	9445	0
1657	Crawling Hand	9444	0	9445	0
1658	Robe Store owner	0	0	0	0
1659	Skullball	0	0	0	0
1660	Skullball Boss	0	0	0	0
1661	Agility Boss	0	0	0	0
1662	Skullball Trainer	0	0	0	0
1663	Agility Trainer	0	0	0	0
1664	Agility Trainer	0	0	0	0
1665	Werewolf	0	0	0	0
1666	Dr Fenkenstrain	0	0	0	0
1671	Fenkenstrain's Monster	0	0	0	0
1674	Lord Rologarth	0	0	0	0
1675	Gardener Ghost	0	0	0	0
1676	Experiment	1626	1627	1628	0
1677	Experiment	1616	1617	1618	0
1678	Experiment	1612	1613	1611	0
1679	Eluned	0	0	0	0
1680	Islwyn	0	0	0	0
1681	Moss giant	4666	4665	4668	4666
1682	Golrie	0	0	0	0
1683	Velorina	0	0	0	0
1684	Necrovarus	0	0	0	0
1685	Gravingas	0	0	0	0
1686	Ghost disciple	0	0	0	0
1687	Ak-Haranu	0	0	0	0
1688	Ak-Haranu	386	0	836	0
1689	Undead cow	0	0	0	0
1691	Undead cow	5849	5850	5851	0
1692	Undead chicken	5387	0	5389	0
1693	Giant lobster	6265	0	6267	0
1694	Robin	0	0	0	0
1695	Old crone	0	0	0	0
1696	Old man	0	0	0	0
1697	Ghost villager	0	0	0	0
1698	Tortured soul	422	0	836	0
1699	Ghost shopkeeper	0	0	0	0
1700	Ghost innkeeper	0	0	0	0
1701	Ghost farmer	0	0	0	0
1702	Ghost banker	0	0	0	0
1703	Ghost sailor	0	0	0	0
1704	Ghost captain	0	0	0	0
1705	Ghost captain	0	0	0	0
1706	Ghost guard	0	0	0	0
1707	Ghost (?)	0	0	0	0
1708	Ghost (?)	0	0	0	0
1709	Johanhus Ulsbrecht	0	0	0	0
1710	H.A.M. Guard	390	0	836	0
1711	H.A.M. Guard	390	0	836	0
1712	H.A.M. Guard	390	0	836	0
1713	H.A.M. Deacon	0	0	0	0
1714	H.A.M. Member	0	0	0	0
1715	H.A.M. Member	0	0	0	0
1716	H.A.M. Member	0	0	0	0
1717	H.A.M. Member	0	0	0	0
1718	Jimmy the Chisel	0	0	0	0
1719	Tree	0	0	0	0
1720	Tree	0	0	0	0
1721	Tree	0	0	0	0
1722	Dead tree	0	0	0	0
1723	Dead tree	0	0	0	0
1724	Dead tree	0	0	0	0
1725	Dead tree	0	0	0	0
1726	Dead tree	0	0	0	0
1727	Dead tree	0	0	0	0
1728	Dead tree	0	0	0	0
1729	Dead tree	0	0	0	0
1730	Dead tree	0	0	0	0
1731	Dead tree	0	0	0	0
1732	Dramen tree	0	0	0	0
1734	Magic tree	0	0	0	0
1735	Maple tree	0	0	0	0
1736	Willow	0	0	0	0
1737	Willow	0	0	0	0
1738	Willow	0	0	0	0
1739	Oak	0	0	0	0
1740	Yew	0	0	0	0
1741	Evergreen	0	0	0	0
1742	Evergreen	0	0	0	0
1743	Evergreen	0	0	0	0
1744	Tree	0	0	0	0
1745	Dead tree	0	0	0	0
1746	Achey Tree	0	0	0	0
1747	Tree	0	0	0	0
1748	Tree	0	0	0	0
1749	Hollow tree	0	0	0	0
1750	Hollow tree	0	0	0	0
1751	Terrorbird	1010	1012	1013	0
1752	Mounted terrorbird gnome	6790	0	6791	0
1753	Mounted terrorbird gnome	0	0	0	0
1754	Crow	0	0	0	0
1755	Crow	0	0	0	0
1756	Crow	0	0	0	0
1757	Farmer	7181	0	836	0
1758	Farmer	7181	0	836	0
1759	Farmer	0	0	0	0
1760	Farmer	7181	0	7185	0
1761	Farmer	0	0	0	0
1762	Sheep	0	0	0	0
1763	Sheep	0	0	0	0
1764	Sheep	0	0	0	0
1765	Sheep	0	0	0	0
1766	Cow calf	5849	5850	5851	5849
1767	Cow	5849	5850	5851	5849
1768	Cow calf	5849	5850	5851	5849
1769	Goblin	6185	6183	6182	6185
1770	Goblin	6185	6183	6182	6185
1771	Goblin	6185	6183	6182	6185
1772	Goblin	6185	6183	6182	6185
1773	Goblin	6185	6183	6182	6185
1774	Goblin	6185	6183	6182	6185
1775	Goblin	6185	6183	6182	6185
1776	Goblin	6185	6183	6182	6185
1777	Ilfeen	0	0	0	0
1778	William	0	0	0	0
1779	Ian	0	0	0	0
1780	Larry	0	0	0	0
1781	Darren	0	0	0	0
1782	Edward	0	0	0	0
1783	Richard	0	0	0	0
1784	Neil	0	0	0	0
1785	Edmond	0	0	0	0
1786	Simon	0	0	0	0
1787	Sam	0	0	0	0
1788	Lumdo	0	0	0	0
1789	Bunkwicket	0	0	0	0
1790	Waymottin	0	0	0	0
1791	Jungle Tree	0	0	0	0
1792	Jungle Tree	0	0	0	0
1793	Tassie Slipcast	0	0	0	0
1794	Hammerspike Stoutbeard	0	0	0	0
1795	Dwarf gang member	99	0	102	0
1796	Dwarf gang member	99	0	102	0
1797	Dwarf gang member	99	0	102	0
1798	Phantuwti Fanstuwi Farsight	0	0	0	0
1799	Tindel Marchant	0	0	0	0
1800	Gnormadium Avlafrim	0	0	0	0
1801	Petra Fiyed	0	0	0	0
1802	Slagilith	1750	1751	1752	0
1803	Rock pile	0	0	0	0
1804	Slagilith	0	0	0	0
1805	Guard	0	0	0	0
1806	Guard	0	0	0	0
1807	Hamal the Chieftain	0	0	0	0
1808	Ragnar	0	0	0	0
1809	Svidi	0	0	0	0
1810	Jokul	0	0	0	0
1811	The Kendal	0	0	0	0
1812	The Kendal	1760	0	1759	0
1813	The Kendal	1760	1758	1759	0
1814	Camp dweller	422	0	836	0
1815	Camp dweller	422	0	836	0
1816	Camp dweller	422	0	836	0
1817	Camp dweller	422	0	836	0
1818	Camp dweller	422	0	836	0
1819	Mountain Goat	0	0	0	0
1820	Mountain Goat	0	0	0	0
1821	Bald Headed Eagle	0	0	0	0
1822	Cave goblin	6001	0	6003	0
1823	Cave goblin	6001	0	6003	0
1824	Cave goblin	6001	0	6003	0
1825	Cave goblin	6001	0	6003	0
1826	Zombie	5568	5567	5569	0
1827	Gargoyle	9454	9455	1518	1516
1828	Giant frog	1793	1794	1795	1793
1829	Big frog	1793	0	1795	0
1830	Frog	0	0	0	0
1831	Cave slime	1789	0	1792	0
1832	Cave bug	6079	0	6082	0
1833	Cave bug larva	0	0	0	0
1834	Candle seller	0	0	0	0
1835	Easter Bunny	0	0	0	0
1836	Dondakan the Dwarf	0	0	0	0
1838	Dondakan the Dwarf	0	0	0	0
1839	Dondakan the Dwarf	0	0	0	0
1840	Dwarven Engineer	0	0	0	0
1841	Rolad	0	0	0	0
1842	Khorvak, a dwarven engineer	0	0	0	0
1843	Dwarven Ferryman	0	0	0	0
1844	Dwarven Ferryman	0	0	0	0
1845	Dwarven Boatman	0	0	0	0
1846	Dwarven Boatman	0	0	0	0
1847	Miodvetnir	0	0	0	0
1848	Dernu	0	0	0	0
1849	Derni	0	0	0	0
1850	Arzinian Avatar of Strength	1840	0	1841	0
1851	Arzinian Avatar of Strength	1840	1842	1843	0
1852	Arzinian Avatar of Strength	1840	1842	1843	0
1853	Arzinian Avatar of Ranging	1843	0	1841	1843
1854	Arzinian Avatar of Ranging	1840	1842	1843	0
1855	Arzinian Avatar of Ranging	1840	1842	1843	0
1856	Arzinian Avatar of Magic	1844	0	1841	0
1857	Arzinian Avatar of Magic	1840	1842	1843	0
1858	Arzinian Avatar of Magic	1840	1842	1843	0
1859	Arzinian Being of Bordanzan	0	0	0	0
1860	Brian	0	0	0	0
1861	Ranged Tutor	0	0	0	0
1862	Ali Morrisane	0	0	0	0
1863	Drunken Ali	0	0	0	0
1864	Ali The barman	0	0	0	0
1865	Ali the Kebab seller	0	0	0	0
1866	Brian	0	0	0	0
1867	Ali the Camel Man	0	0	0	0
1868	Street urchin	0	0	0	0
1869	Ali the Mayor	0	0	0	0
1871	Ali the Hag	0	0	0	0
1872	Ali the Snake Charmer	0	0	0	0
1873	Ali the Camel	0	0	0	0
1874	Desert snake	275	0	278	0
1875	Snake	0	0	0	0
1876	Bandit Leader	0	0	0	0
1879	Bandit	0	0	0	0
1881	Bandit	0	0	0	0
1882	Sir Palomedes	0	0	0	0
1883	Sir Palomedes	0	0	0	0
1884	Trobert	0	0	0	0
1885	Bandit champion	390	0	836	0
1886	Cowardly Bandit	0	0	0	0
1887	Villager	0	0	0	0
1889	Villager	0	0	0	0
1890	Villager	0	0	0	0
1891	Villager	0	0	0	0
1893	Villager	0	0	0	0
1894	Villager	0	0	0	0
1895	Villager	0	0	0	0
1897	Villager	0	0	0	0
1898	Villager	0	0	0	0
1899	Menaphite Leader	0	0	0	0
1902	Ali the Operator	0	0	0	0
1903	Menaphite Thug	0	0	0	0
1904	Menaphite Thug	0	0	0	0
1905	Menaphite Thug	395	425	836	0
1906	Tough Guy	395	0	836	0
1907	Broken clay golem	0	0	0	0
1909	Damaged clay golem	0	0	0	0
1910	Clay golem	0	0	0	0
1911	Desert Phoenix	0	0	0	0
1912	Elissa	0	0	0	0
1913	Kamil	440	404	9055	440
1914	Dessous	1264	425	836	0
1915	Dessous	1264	425	836	0
1916	Ruantun	0	0	0	0
1917	Bandit shopkeeper	0	0	0	0
1918	Archaeologist	0	0	0	0
1919	Stranger	377	0	836	0
1920	Malak	0	0	0	0
1921	Bartender	0	0	0	0
1922	Eblis	0	0	0	0
1924	Eblis	0	0	0	0
1926	Bandit	412	404	9055	412
1927	Bandit	0	0	0	0
1928	Bandit	0	0	0	0
1929	Bandit	0	0	0	0
1930	Bandit	0	0	0	0
1931	Bandit	412	404	9055	0
1932	Troll child	0	0	0	0
1934	Troll child	0	0	0	0
1935	Ice troll	0	0	0	0
1936	Ice troll	284	285	287	0
1937	Ice troll	284	285	287	0
1938	Ice troll	284	285	287	0
1939	Ice troll	284	285	287	0
1940	Ice troll	284	285	287	0
1941	Ice troll	284	285	287	0
1942	Ice troll	284	285	287	0
1943	Ice block	0	0	0	0
1944	Ice block	0	0	0	0
1945	Ice block	0	0	0	0
1946	Ice block	0	0	0	0
1947	Troll father	0	0	0	0
1948	Troll father	0	0	0	0
1949	Troll mother	0	0	0	0
1950	Troll mother	0	0	0	0
1951	Ice wolf	6579	6578	6576	6579
1952	Ice wolf	6579	6578	6576	6579
1953	Ice wolf	6579	6578	6576	6579
1954	Ice wolf	6579	6578	6576	6579
1955	Ice wolf	6579	6578	6576	6579
1956	Ice wolf	6579	6578	6576	6579
1957	Mummy	0	0	0	0
1958	Mummy	5549	0	5555	0
1959	Mummy	0	0	0	0
1960	Mummy ashes	0	0	0	0
1961	Mummy	5549	0	5555	0
1962	Mummy	5549	0	5555	0
1963	Mummy	5549	0	5555	0
1964	Mummy	5549	0	5555	0
1965	Mummy	5549	0	5555	0
1966	Mummy	0	0	0	0
1967	Mummy	5549	0	5555	0
1968	Mummy	0	0	0	0
1969	Scarabs	1948	1946	5464	0
1970	Azzanadra	0	0	0	0
1972	Rasolo	0	0	0	0
1973	Giant skeleton	5499	0	5503	0
1974	Damis	440	0	836	0
1975	Damis	440	0	836	0
1976	Shadow Hound	6565	0	6564	0
1977	Fareed	799	434	836	0
1978	Slave	0	0	0	0
1979	Slave	0	0	0	0
1980	Embalmer	0	0	0	0
1981	Carpenter	0	0	0	0
1982	Raetul	0	0	0	0
1983	Siamun	0	0	0	0
1984	High Priest	0	0	0	0
1987	Priest	0	0	0	0
1988	Priest	0	0	0	0
1989	Priest	0	0	0	0
1990	Sphinx	0	0	0	0
1991	Possessed Priest	429	0	836	0
1992	Neite	0	0	0	0
1993	Crocodile	7588	7590	7591	0
1994	Jackal	6568	0	6567	0
1995	Locust	2015	0	2013	0
1996	Vulture	0	0	0	0
1997	Plague frog	1021	0	1022	0
1998	Plague cow	0	0	0	0
1999	Plague cow	0	0	0	0
2000	Plague cow	0	0	0	0
2001	Scarab swarm	1948	0	1946	0
2002	Wanderer	0	0	0	0
2006	Wanderer	0	0	0	0
2007	Het	0	0	0	0
2008	Apmeken	0	0	0	0
2009	Scabaras	0	0	0	0
2010	Crondis	0	0	0	0
2011	Icthlarin	0	0	0	0
2013	Klenter	0	0	0	0
2015	Mummy	5554	0	5555	0
2016	Mummy	5554	0	5555	0
2017	Mummy	5554	0	5555	0
2018	Mummy	5554	0	5555	0
2019	Mummy	5554	0	5555	0
2020	Light creature	0	0	0	0
2021	Light creature	0	0	0	0
2022	Light creature	0	0	0	0
2023	Juna	0	0	0	0
2024	Strange Old Man	0	0	0	0
2025	Ahrim the Blighted	1162	420	7197	1162
2026	Dharok the Wretched	2066	2063	7197	2066
2027	Guthan the Infested	2080	2079	7197	2080
2028	Karil the Tainted	2075	424	7197	2075
2029	Torag the Corrupted	2068	404	7197	2068
2030	Verac the Defiled	2062	2063	7197	2062
2031	Bloodworm	2070	2072	2073	2070
2032	Crypt rat	240	241	243	240
2033	Giant crypt rat	4933	4934	4935	4933
2034	Crypt spider	6249	6250	6251	6249
2035	Giant crypt spider	5327	5328	5329	5327
2036	Skeleton	5487	5513	5491	5487
2037	Skeleton	5487	5513	5491	5487
2038	Grish	0	0	0	0
2039	Uglug Nar	0	0	0	0
2040	Pilg	0	0	0	0
2041	Grug	0	0	0	0
2042	Ogre guard	0	0	0	0
2043	Ogre guard	0	0	0	0
2044	Zogre	359	360	361	359
2045	Zogre	359	360	361	359
2046	Zogre	359	360	361	359
2047	Zogre	359	360	361	359
2048	Zogre	359	360	361	359
2049	Zogre	359	360	361	359
2050	Skogre	359	360	361	359
2051	Zogre	359	360	361	359
2052	Zogre	359	360	361	359
2053	Zogre	359	360	361	359
2054	Zogre	359	360	361	359
2055	Zogre	359	360	361	359
2056	Skogre	359	360	361	359
2057	Skogre	359	360	361	359
2058	Hole in the wall	0	0	0	0
2059	Zavistic Rarve	0	0	0	0
2060	Slash Bash	359	360	361	359
2061	Sithik Ints	0	0	0	0
2062	Sithik Ints	0	0	0	0
2063	Gargh	0	0	0	0
2064	Scarg	0	0	0	0
2065	Gruh	0	0	0	0
2066	Irwin Feaselbaum	0	0	0	0
2067	Fishing spot	0	0	0	0
2068	Fishing spot	0	0	0	0
2069	Cave goblin miner	6007	6008	6003	0
2070	Cave goblin miner	6007	6008	6003	0
2071	Cave goblin miner	6007	6008	6003	0
2072	Cave goblin miner	6007	6008	6003	0
2073	Cave goblin guard	6007	6008	6003	0
2074	Cave goblin guard	6007	6008	6003	0
2075	Cave goblin miner	6007	6008	6003	0
2076	Cave goblin miner	6007	6008	6003	0
2077	Cave goblin miner	6007	6008	6003	0
2078	Cave goblin miner	6007	6008	6003	0
2079	Sigmund	0	0	0	0
2082	Sigmund	0	0	0	0
2083	Sigmund	0	0	0	0
2084	Mistag	0	0	0	0
2085	Kazgar	0	0	0	0
2087	Ur-tag	0	0	0	0
2088	Duke Horacio	0	0	0	0
2089	Mistag	0	0	0	0
2090	Sigmund	0	0	0	0
2091	Secretary	5327	5328	5329	0
2092	Purple Pewter Secretary	0	0	0	0
2093	Yellow Fortune Secretary	0	0	0	0
2094	Blue Opal Secretary	0	0	0	0
2095	Green Gemstone Secretary	0	0	0	0
2096	White Chisel Secretary	0	0	0	0
2097	Silver Cog Secretary	0	0	0	0
2098	Brown Engine Secretary	0	0	0	0
2099	Red Axe Secretary	0	0	0	0
2100	Purple Pewter Director	0	0	0	0
2101	Blue Opal Director	0	0	0	0
2102	Yellow Fortune Director	0	0	0	0
2103	Green Gemstone Director	0	0	0	0
2104	White Chisel Director	0	0	0	0
2105	Silver Cog Director	0	0	0	0
2106	Brown Engine Director	0	0	0	0
2107	Red Axe Director	0	0	0	0
2108	Red Axe Cat	0	0	0	0
2109	Trader	0	0	0	0
2110	Trader	0	0	0	0
2111	Trader	0	0	0	0
2112	Trader	0	0	0	0
2113	Trader	0	0	0	0
2114	Trader	0	0	0	0
2115	Trader	0	0	0	0
2116	Trader	0	0	0	0
2117	Trader	0	0	0	0
2118	Trader	0	0	0	0
2119	Trader	0	0	0	0
2120	Trader	0	0	0	0
2121	Trader	0	0	0	0
2122	Trader	0	0	0	0
2123	Trader	0	0	0	0
2125	Trader	0	0	0	0
2127	Trade Referee	0	0	0	0
2128	Supreme Commander	0	0	0	0
2129	Commander Veldaban	0	0	0	0
2130	Black Guard	99	0	102	0
2131	Black Guard	99	0	102	0
2132	Black Guard	99	0	102	0
2133	Black Guard	99	0	102	0
2134	Black Guard Berserker	99	0	102	0
2135	Black Guard Berserker	99	0	102	0
2136	Black Guard Berserker	99	0	102	0
2137	Gnome emissary	0	0	0	0
2138	Gnome traveller	0	0	0	0
2139	Gnome traveller	0	0	0	0
2140	Dromund's cat	0	0	0	0
2141	Blasidar the sculptor	0	0	0	0
2142	Riki the sculptor's model	0	0	0	0
2144	Riki the sculptor's model	0	0	0	0
2145	Riki the sculptor's model	0	0	0	0
2146	Riki the sculptor's model	0	0	0	0
2147	Riki the sculptor's model	0	0	0	0
2148	Riki the sculptor's model	0	0	0	0
2149	Riki the sculptor's model	0	0	0	0
2150	Riki the sculptor's model	0	0	0	0
2151	Vigr	0	0	0	0
2152	Santiri	0	0	0	0
2153	Saro	0	0	0	0
2154	Gunslik	0	0	0	0
2155	Wemund	0	0	0	0
2156	Randivor	0	0	0	0
2157	Hervi	0	0	0	0
2158	Nolar	0	0	0	0
2159	Gulldamar	0	0	0	0
2160	Tati	0	0	0	0
2161	Agmundi	0	0	0	0
2162	Vermundi	0	0	0	0
2163	Banker	0	0	0	0
2164	Banker	0	0	0	0
2165	Librarian	0	0	0	0
2166	Assistant	0	0	0	0
2167	Customer	0	0	0	0
2168	Customer	0	0	0	0
2169	Dromund	0	0	0	0
2170	Rind the gardener	0	0	0	0
2171	Factory Manager	0	0	0	0
2172	Factory Worker	0	0	0	0
2173	Factory Worker	0	0	0	0
2174	Factory Worker	0	0	0	0
2175	Factory Worker	0	0	0	0
2176	Inn Keeper	0	0	0	0
2177	Inn Keeper	0	0	0	0
2178	Barmaid	0	0	0	0
2179	Barman	0	0	0	0
2180	Cart conductor	0	0	0	0
2181	Cart conductor	0	0	0	0
2182	Cart conductor	0	0	0	0
2183	Cart conductor	0	0	0	0
2184	Cart conductor	0	0	0	0
2185	Cart conductor	0	0	0	0
2186	Cart conductor	0	0	0	0
2187	Rowdy dwarf	0	0	0	0
2188	Hegir	0	0	0	0
2189	Haera	0	0	0	0
2190	Runvastr	0	0	0	0
2191	Sune	0	0	0	0
2192	Bentamir	0	0	0	0
2193	Ulifed	0	0	0	0
2194	Reinald	0	0	0	0
2195	Karl	0	0	0	0
2196	Gauss	0	0	0	0
2197	Myndill	0	0	0	0
2198	Kjut	0	0	0	0
2199	Tombar	0	0	0	0
2200	Odmar	0	0	0	0
2201	Audmann	0	0	0	0
2202	Drunken Dwarf	0	0	0	0
2203	Drunken Dwarf	0	0	0	0
2204	Drunken Dwarf	0	0	0	0
2205	Dwarven Boatman	0	0	0	0
2206	Dwarven Boatman	0	0	0	0
2207	Dwarven Miner	0	0	0	0
2208	Dwarven Miner	0	0	0	0
2209	Dwarven Miner	0	0	0	0
2210	Dwarven Miner	0	0	0	0
2211	Dwarven Miner	0	0	0	0
2212	Dwarven Miner	0	0	0	0
2213	Dwarven Miner	0	0	0	0
2214	Dwarven Miner	0	0	0	0
2215	Dwarven Miner	0	0	0	0
2216	Dwarven Miner	0	0	0	0
2217	Dwarven Miner	0	0	0	0
2218	Dwarven Miner	0	0	0	0
2219	Purple Pewter Director	0	0	0	0
2220	Purple Pewter Director	0	0	0	0
2221	Blue Opal Director	0	0	0	0
2222	Yellow Fortune Director	0	0	0	0
2223	Green Gemstone Director	0	0	0	0
2224	White Chisel Director	0	0	0	0
2225	Silver Cog Director	0	0	0	0
2226	Brown Engine Director	0	0	0	0
2227	Red Axe Director	0	0	0	0
2228	Commander Veldaban	0	0	0	0
2229	Red Axe Cat	0	0	0	0
2230	Red Axe Cat	0	0	0	0
2231	Black Guard Berserker	0	0	0	0
2232	Black Guard Berserker	0	0	0	0
2233	Olivia	0	0	0	0
2234	Master Farmer	0	0	0	0
2235	Master Farmer	0	0	0	0
2236	Market Guard	390	0	836	0
2237	Gee	0	0	0	0
2238	Donie	0	0	0	0
2239	Pig	0	0	0	0
2240	Pig	0	0	0	0
2241	Piglet	0	0	0	0
2242	Piglet	0	0	0	0
2243	Piglet	0	0	0	0
2244	Lumbridge Guide	0	0	0	0
2245	Khazard trooper	401	425	836	0
2246	Khazard trooper	429	0	836	0
2247	Gnome troop	190	193	196	0
2248	Gnome troop	190	193	196	0
2249	Gnome	190	193	196	0
2250	Gnome	190	193	196	0
2251	Gnome	190	193	196	0
2252	Crow	0	0	0	0
2253	Wise Old Man	0	0	0	0
2254	Bed	0	0	0	0
2255	Thing under the bed	0	0	0	0
2256	Paladin	0	425	836	0
2257	Mage of Zamorak	0	0	0	0
2259	Mage of Zamorak	0	0	0	0
2260	Mage of Zamorak	0	0	0	0
2262	Dark mage	0	0	0	0
2263	Abyssal leech	2181	0	2183	0
2264	Abyssal guardian	2186	2188	2189	2186
2265	Abyssal walker	2192	2193	2194	2192
2266	Brian O'Richard	0	0	0	0
2267	Rogue Guard	0	0	0	0
2268	Rogue Guard	0	0	0	0
2269	Rogue Guard	0	0	0	0
2270	Martin Thwait	0	0	0	0
2271	Emerald Benedict	0	0	0	0
2272	Spin Blades	0	0	0	0
2273	Spin Blades	0	0	0	0
2274	Goblin	6185	6183	6182	6185
2275	Goblin	6185	6183	6182	6185
2276	Goblin	6185	6183	6182	6185
2277	Goblin	6185	6183	6182	6185
2278	Goblin	6185	6183	6182	6185
2279	Goblin	6185	6183	6182	6185
2280	Goblin	6185	6183	6182	6185
2281	Goblin	6185	6183	6182	6185
2282	Sir Spishyus	0	0	0	0
2283	Lady Table	0	0	0	0
2284	Sir Kuam Ferentse	0	0	0	0
2285	Sir Leye	400	425	836	0
2286	Sir Tinley	0	0	0	0
2287	Sir Ren Itchood	0	0	0	0
2288	Miss Cheevers	0	0	0	0
2289	Ms. Hynn Terprett	0	0	0	0
2290	Sir Tiffy Cashien	0	0	0	0
2291	Rug Merchant	0	0	0	0
2292	Rug Merchant	0	0	0	0
2293	Rug Merchant	0	0	0	0
2294	Rug Merchant	0	0	0	0
2295	Rug Merchant	0	0	0	0
2297	Rug Merchant	0	0	0	0
2299	Rug Station Attendant	0	0	0	0
2301	Monkey	0	0	0	0
2302	Sarah	0	0	0	0
2304	Sarah	0	0	0	0
2305	Vanessa	0	0	0	0
2306	Richard	0	0	0	0
2307	Alice	0	0	0	0
2308	Capt' Arnav	0	0	0	0
2309	null	0	0	0	0
2310	Cow calf	5849	5850	5851	5849
2311	Sheepdog	0	0	0	0
2312	Rooster	0	0	0	0
2313	Chicken	5387	5388	5389	5387
2314	Chicken	5387	5388	5389	5387
2315	Chicken	5387	5388	5389	5387
2316	Pig	0	0	0	0
2317	Pig	0	0	0	0
2318	Piglet	0	0	0	0
2319	Piglet	0	0	0	0
2320	Piglet	0	0	0	0
2321	Blandebir	0	0	0	0
2322	Metarialus	0	0	0	0
2323	Elstan	0	0	0	0
2324	Dantaera	0	0	0	0
2325	Kragen	0	0	0	0
2326	Lyra	0	0	0	0
2327	Francis	0	0	0	0
2328	Wizard Cromperty	0	0	0	0
2329	Muncher	0	0	0	0
2330	Garth	0	0	0	0
2331	Ellena	0	0	0	0
2332	Selena	0	0	0	0
2333	Vasquen	0	0	0	0
2334	Rhonen	0	0	0	0
2335	Dreven	0	0	0	0
2336	Taria	0	0	0	0
2337	Rhazien	0	0	0	0
2338	Torrell	0	0	0	0
2339	Alain	0	0	0	0
2340	Heskel	0	0	0	0
2341	Treznor	0	0	0	0
2342	Fayeth	0	0	0	0
2343	Bolongo	0	0	0	0
2344	Gileth	0	0	0	0
2345	Sick-looking sheep (1)	0	0	0	0
2346	Sick-looking sheep (2)	0	0	0	0
2347	Sick-looking sheep (3)	0	0	0	0
2348	Sick-looking sheep (4)	0	0	0	0
2349	Mourner	0	0	0	0
2350	Mourner	0	0	0	0
2351	Mourner	0	0	0	0
2352	Eudav	0	0	0	0
2353	Oronwen	0	0	0	0
2354	Banker	0	0	0	0
2355	Banker	0	0	0	0
2356	Dalldav	0	0	0	0
2357	Gethin	0	0	0	0
2358	Arianwyn	0	0	0	0
2359	Elf warrior	428	0	836	0
2360	Elf warrior	428	0	836	0
2361	Elf warrior	428	0	836	426
2362	Elf warrior	428	0	836	426
2363	Goreu	0	0	0	0
2364	Ysgawyn	0	0	0	0
2365	Arvel	0	0	0	0
2366	Mawrth	0	0	0	0
2367	Kelyn	0	0	0	0
2368	Eoin	0	0	0	0
2369	Iona	0	0	0	0
2370	Gnome	0	0	0	0
2372	Head mourner	0	0	0	0
2373	Mourner	428	0	836	0
2374	Mourner	0	0	0	0
2375	Eluned	0	0	0	0
2377	Sick-looking sheep (1)	0	0	0	0
2378	Sick-looking sheep (2)	0	0	0	0
2379	Sick-looking sheep (3)	0	0	0	0
2380	Sick-looking sheep (4)	0	0	0	0
2381	Mysterious ghost	0	0	0	0
2382	Mysterious ghost	0	0	0	0
2383	Mysterious ghost	0	0	0	0
2384	Mysterious ghost	0	0	0	0
2385	Mysterious ghost	0	0	0	0
2386	Mysterious ghost	0	0	0	0
2387	Mysterious ghost	0	0	0	0
2388	Mysterious ghost	0	0	0	0
2389	Mysterious ghost	0	0	0	0
2390	Mysterious ghost	0	0	0	0
2391	Mysterious ghost	0	0	0	0
2392	Mysterious ghost	0	0	0	0
2393	Mysterious ghost	0	0	0	0
2394	Mysterious ghost	0	0	0	0
2395	Mysterious ghost	0	0	0	0
2396	Mysterious ghost	0	0	0	0
2397	Mysterious ghost	0	0	0	0
2398	Mysterious ghost	0	0	0	0
2399	Mysterious ghost	0	0	0	0
2400	Mysterious ghost	0	0	0	0
2401	Mysterious ghost	0	0	0	0
2402	Mysterious ghost	0	0	0	0
2403	Cart conductor	0	0	0	0
2410	Red Axe Director	0	0	0	0
2411	Red Axe Director	0	0	0	0
2412	Red Axe Henchman	0	0	0	0
2413	Red Axe Henchman	0	0	0	0
2414	Red Axe Henchman	0	0	0	0
2415	Colonel Grimsson	0	0	0	0
2416	Colonel Grimsson	0	0	0	0
2417	Ogre shaman	0	0	0	0
2418	Ogre shaman	0	0	0	0
2419	Grunsh	0	0	0	0
2420	Gnome emissary	0	0	0	0
2421	Gnome companion	0	0	0	0
2422	Gnome companion	0	0	0	0
2423	Chaos dwarf	0	0	0	0
2424	Gunslik	0	0	0	0
2425	Nolar	0	0	0	0
2426	Factory Worker	0	0	0	0
2427	Cart conductor	0	0	0	0
2428	Gauss	0	0	0	0
2429	Drunken Dwarf	0	0	0	0
2430	Rowdy dwarf	0	0	0	0
2431	Ulifed	0	0	0	0
2432	Red Axe Henchman	0	0	0	0
2433	Red Axe Henchman	0	0	0	0
2434	Ogre shaman	0	0	0	0
2435	Jarvald	0	0	0	0
2436	Jarvald	9232	9231	9230	0
2437	Jarvald	0	0	0	0
2438	Jarvald	0	0	0	0
2439	Askeladden	0	0	0	0
2440	Door-support	0	0	0	0
2441	Door	0	0	0	0
2442	Door	0	0	0	0
2443	Door-support	0	0	0	0
2444	Door	0	0	0	0
2445	Door	0	0	0	0
2446	Door-support	0	0	0	0
2447	Door	0	0	0	0
2448	Door	0	0	0	0
2449	Egg	0	0	0	0
2450	Egg	0	0	0	0
2451	Egg	0	0	0	0
2452	Giant Rock Crab	2368	1313	1314	0
2453	Boulder	0	0	0	0
2454	Dagannoth spawn	1341	0	1342	0
2455	Dagannoth	1343	1340	1342	0
2456	Dagannoth	1343	1340	1342	0
2457	Wallasalki	2365	2366	2367	0
2458	Freaky Forester	0	0	0	0
2459	Pheasant	2372	2371	2373	2372
2460	Pheasant	2372	2371	2373	2372
2461	Pheasant	2372	2371	2373	2372
2462	Pheasant	2372	2371	2373	2372
2463	Evil Chicken	2302	2300	2301	2302
2464	Evil Chicken	2302	2300	2301	2302
2465	Evil Chicken	2302	2300	2301	2302
2466	Evil Chicken	2302	2300	2301	2302
2467	Evil Chicken	2302	2300	2301	2302
2468	Evil Chicken	2302	2300	2301	2302
2469	Frog	0	0	0	0
2470	Frog	0	0	0	0
2471	Frog	0	0	0	0
2472	Frog	0	0	0	0
2473	Frog	0	0	0	0
2474	Frog prince	0	0	0	0
2475	Frog princess	0	0	0	0
2476	Rick Turpentine	4230	404	9055	4230
2477	Quiz Master	0	0	0	0
2478	Evil Bob	0	0	0	0
2479	Evil Bob	0	0	0	0
2480	Servant	0	0	0	0
2481	Servant	0	0	0	0
2482	Giant bat	0	0	0	0
2483	Bush snake	0	0	0	0
2489	Bush snake	275	276	278	0
2490	Bush snake	275	276	278	0
2491	Jungle spider	5327	5328	5329	0
2492	Jungle spider	5327	5328	5329	0
2493	Large mosquito	2397	0	2398	0
2494	Mosquito swarm	2397	0	2398	0
2495	Mosquito swarm	2397	0	2398	0
2496	Tribesman	0	0	0	0
2497	Tribesman	428	0	836	0
2498	Broodoo victim	0	0	0	0
2499	Broodoo victim	0	0	836	0
2500	Broodoo victim	0	0	0	0
2501	Broodoo victim	428	0	836	0
2502	Broodoo victim	0	0	0	0
2503	Broodoo victim	810	425	836	0
2504	Sharimika	0	0	0	0
2505	Sharimika	0	0	0	0
2506	Sharimika	0	0	0	0
2507	Mamma Bufetta	0	0	0	0
2508	Mamma Bufetta	0	0	0	0
2509	Mamma Bufetta	0	0	0	0
2510	Layleen	0	0	0	0
2511	Layleen	0	0	0	0
2512	Layleen	0	0	0	0
2513	Karaday	0	0	0	0
2514	Karaday	0	0	0	0
2515	Karaday	0	0	0	0
2516	Safta Doc	0	0	0	0
2517	Safta Doc	0	0	0	0
2518	Safta Doc	0	0	0	0
2519	Gabooty	0	0	0	0
2520	Gabooty	0	0	0	0
2521	Gabooty	0	0	0	0
2522	Fanellaman	0	0	0	0
2523	Fanellaman	0	0	0	0
2524	Fanellaman	0	0	0	0
2525	Jagbakoba	0	0	0	0
2526	Jagbakoba	0	0	0	0
2527	Jagbakoba	0	0	0	0
2528	Murcaily	0	0	0	0
2529	Murcaily	0	0	0	0
2530	Murcaily	0	0	0	0
2531	Rionasta	0	0	0	0
2532	Rionasta	0	0	0	0
2533	Rionasta	0	0	0	0
2534	Mahogany	0	0	0	0
2535	Teak	0	0	0	0
2536	Niles	0	0	0	0
2537	Miles	0	0	0	0
2538	Giles	0	0	0	0
2539	Cap'n Hand	4230	404	9055	4230
2540	Dr Jekyll	0	0	0	0
2541	Mr Hyde	0	0	0	0
2542	Mr Hyde	0	0	0	0
2543	Mr Hyde	0	0	0	0
2544	Mr Hyde	0	0	0	0
2545	Mr Hyde	0	0	0	0
2546	Mr Hyde	0	0	0	0
2547	Chaos druid	422	404	9055	422
2548	Blackjack seller	0	0	0	0
2549	Ali the dyer	0	0	0	0
2550	Dwarven Miner	0	0	0	0
2551	Dwarven Miner	0	0	0	0
2552	Dwarven Miner	0	0	0	0
2553	Blast Furnace Foreman	0	0	0	0
2554	Tin ore	0	0	0	0
2555	Copper ore	0	0	0	0
2556	Iron ore	0	0	0	0
2557	Mithril ore	0	0	0	0
2558	Adamantite ore	0	0	0	0
2559	Runite ore	0	0	0	0
2560	Silver ore	0	0	0	0
2561	Gold ore	0	0	0	0
2562	Coal	0	0	0	0
2563	Perfect gold ore	0	0	0	0
2564	Ordan	0	0	0	0
2565	Jorzik	0	0	0	0
2566	Wise Old Man	0	0	0	0
2567	Wise Old Man	0	0	0	0
2568	Banker	0	0	0	0
2569	Banker	0	0	0	0
2570	Banker	0	0	0	0
2571	Market Guard	400	425	836	0
2572	Olivia	0	0	0	0
2573	Pillory Guard	0	0	0	0
2574	Bank guard	0	0	0	0
2575	Purepker895	0	0	0	0
2576	Qutiedoll	0	0	0	0
2577	1337sp34kr	0	0	0	0
2578	Elfinlocks	0	0	0	0
2579	Cool Mom227	0	0	0	0
2580	Bernald	0	0	0	0
2581	Ellamaria	0	0	0	0
2582	Trolley	0	0	0	0
2583	Trolley	0	0	0	0
2584	Trolley	0	0	0	0
2585	Billy, a guard of Falador	0	0	0	0
2587	Bob, another guard of Falador	0	0	0	0
2588	Brother Althric	0	0	0	0
2589	PKMaster0036	0	0	0	0
2590	King Roald	0	0	0	0
2591	TzHaar-Mej	9260	9287	9291	9260
2592	TzHaar-Mej	9260	9287	9291	9260
2593	TzHaar-Mej	9260	9287	9291	9260
2594	TzHaar-Mej	9260	9287	9291	9260
2595	TzHaar-Mej	9260	9287	9291	9260
2596	TzHaar-Mej	9260	9287	9291	9260
2597	TzHaar-Mej	9260	9287	9291	9260
2598	TzHaar-Hur	9286	9287	9288	9286
2599	TzHaar-Hur	9286	9287	9288	9286
2600	TzHaar-Hur	9286	9287	9288	9286
2601	TzHaar-Hur	9286	9287	9288	9286
2602	TzHaar-Hur	9286	9287	9288	9286
2603	TzHaar-Hur	9286	9287	9288	9286
2604	TzHaar-Xil	9345	9287	9291	9345
2605	TzHaar-Xil	9345	9287	9291	9345
2606	TzHaar-Xil	9345	9287	9291	9345
2607	TzHaar-Xil	9345	9287	9291	9345
2608	TzHaar-Xil	9345	9287	9291	9345
2609	TzHaar-Xil	9345	9287	9291	9345
2610	TzHaar-Ket	9345	9287	9288	9345
2611	TzHaar-Ket	9345	9287	9288	9345
2612	TzHaar-Ket	9345	9287	9288	9345
2613	TzHaar-Ket	9345	9287	9288	9345
2614	TzHaar-Ket	9345	9287	9288	9345
2615	TzHaar-Ket	9345	9287	9288	9345
2616	TzHaar-Ket	9345	9287	9288	9345
2617	TzHaar-Mej-Jal	0	0	0	0
2618	TzHaar-Mej-Kah	0	0	0	0
2619	TzHaar-Ket-Zuh	0	0	0	0
2620	TzHaar-Hur-Tel	0	0	0	0
2621	Olaf Hardson	0	0	0	0
2622	TzHaar-Hur-Lek	0	0	0	0
2623	TzHaar-Mej-Roh	0	0	0	0
2624	TzHaar-Ket	0	0	0	0
2625	TzHaar-Ket	0	0	0	0
2626	Rocks	0	0	0	0
2627	Tz-Kih	0	0	0	0
2628	Tz-Kih	0	0	0	0
2629	Tz-Kek	0	0	0	0
2630	Tz-Kek	0	0	0	0
2631	Tok-Xil	0	0	0	0
2632	Tok-Xil	0	0	0	0
2633	Wise Old Man	0	0	0	0
2634	Miss Schism	0	0	0	0
2635	Bob	0	0	0	0
2636	Bob	0	0	0	0
2637	Sphinx	0	0	0	0
2638	Neite	0	0	0	0
2639	Robert the Strong	0	0	0	0
2640	Odysseus	0	0	0	0
2641	Dragonkin	0	0	0	0
2642	King Black Dragon	0	0	0	0
2643	R4ng3rNo0b889	0	0	0	0
2644	Love Cats	0	0	0	0
2645	Love Cats	0	0	0	0
2646	Neite	0	0	0	0
2647	Bob	0	0	0	0
2648	Beite	0	0	0	0
2649	Gnome	0	0	0	0
2650	Gnome	0	0	0	0
2651	Odysseus	0	0	0	0
2652	Neite	0	0	0	0
2654	Unferth	0	0	0	0
2655	Unferth	0	0	0	0
2656	Unferth	0	0	0	0
2657	Unferth	0	0	0	0
2658	Unferth	0	0	0	0
2659	Unferth	0	0	0	0
2660	Reldo	0	0	0	0
2661	Reldo	0	0	0	0
2662	Lazy cat	0	0	0	0
2663	Lazy cat	0	0	0	0
2664	Lazy cat	0	0	0	0
2665	Lazy cat	0	0	0	0
2666	Lazy cat	0	0	0	0
2667	Lazy cat	0	0	0	0
2668	Wily cat	0	0	0	0
2669	Wily cat	0	0	0	0
2670	Wily cat	0	0	0	0
2671	Wily cat	0	0	0	0
2672	Wily cat	0	0	0	0
2673	Wily cat	0	0	0	0
2674	Thief	422	0	836	0
2675	Man	0	0	0	0
2676	Make-over Mage	0	0	0	0
2677	Highwayman	799	404	9055	799
2678	Goblin	6185	6183	6182	6185
2679	Goblin	6185	6183	6182	6185
2680	Goblin	6185	6183	6182	6185
2681	Goblin	6185	6183	6182	6185
2682	Rat	2705	2706	2707	2705
2683	Hengel	0	0	0	0
2684	Anja	0	0	0	0
2685	Hobgoblin	164	165	167	164
2686	Hobgoblin	164	165	167	164
2687	Hobgoblin	164	165	167	164
2688	Hobgoblin	163	165	167	163
2689	Frog	0	0	0	0
2690	Jack Seagull	0	0	0	0
2691	Longbow Ben	0	0	0	0
2692	Ahab	0	0	0	0
2693	Duck	0	0	3468	0
2694	Duckling	0	0	3468	0
2695	Pirate	422	425	836	0
2696	Thief	422	0	836	0
2697	Mugger	422	0	836	0
2698	Black knight	422	0	836	0
2699	Guard	390	0	836	0
2700	Guard	422	0	836	0
2701	Guard	422	0	836	0
2702	Guard	390	0	836	0
2703	Guard	390	0	836	0
2704	Guard	0	0	0	0
2705	Guard	0	0	0	0
2706	Crab	0	0	0	0
2707	Seagull	0	0	0	0
2708	Seagull	0	0	0	0
2709	Fire wizard	414	0	2553	0
2710	Water wizard	414	0	2553	0
2711	Earth wizard	414	0	2553	0
2712	Air wizard	414	0	2553	0
2713	Malignius Mortifer	0	0	0	0
2714	Zombie	0	0	0	0
2715	Skeleton	0	0	0	0
2716	Ghost	0	0	0	0
2717	Skeleton mage	0	0	0	0
2718	Betty	0	0	0	0
2719	Grum	0	0	0	0
2720	Gerrant	0	0	0	0
2721	Wydin	0	0	0	0
2722	Fishing spot	0	0	0	0
2723	Fishing spot	0	0	0	0
2724	Fishing spot	0	0	0	0
2725	Otto Godblessed	0	0	0	0
2726	Gull	0	0	0	0
2727	Gull	0	0	0	0
2728	Monk of Entrana	0	0	0	0
2729	Monk of Entrana	0	0	0	0
2730	Monk of Entrana	0	0	0	0
2731	Monk of Entrana	0	0	0	0
2732	Master Crafter	0	0	0	0
2733	Master Crafter	0	0	0	0
2734	Tz-Kih	9232	9231	9230	9232
2735	Tz-Kih	9232	9231	9230	9232
2736	Tz-Kek	9233	9235	9234	9233
2737	Tz-Kek	9233	9235	9234	9233
2738	Tz-Kek	9233	9235	9234	9233
2739	Tok-Xil	9245	9242	9239	9245
2740	Tok-Xil	9245	9242	9239	9245
2741	Yt-MejKot	9252	9249	9257	9252
2742	Yt-MejKot	9252	9249	9257	9252
2743	Ket-Zek	9265	9268	9269	9265
2744	Ket-Zek	9265	9268	9269	9265
2745	TzTok-Jad	9277	9278	9279	9277
2746	Yt-HurKot	9252	9253	9257	9252
2747	Solus Dellagar	0	0	0	0
2748	Savant	0	0	0	0
2749	Lord Daquarius	0	0	0	0
2750	Solus Dellagar	0	0	0	0
2751	Black Knight	0	0	0	0
2752	Lord Daquarius	0	0	0	0
2753	Mage of Zamorak	0	0	0	0
2754	Mage of Zamorak	0	0	0	0
2755	Mage of Zamorak	0	0	0	0
2756	Woman	0	0	0	0
2759	null	0	0	0	0
2776	Woman	0	0	0	0
2777	Black Knight	0	0	0	0
2778	Black Knight	0	0	0	0
2779	Ranger	426	0	836	0
2780	Solus Dellagar	0	0	0	0
2781	Gnome guard	0	0	0	0
2782	Shadow	2738	0	2739	0
2783	Dark beast	2731	2732	2733	2731
2784	Mourner	0	0	0	0
2785	Slave	0	0	0	0
2786	Slave	0	0	0	0
2787	Slave	0	0	0	0
2788	Thorgel	0	0	0	0
2790	Sergeant Damien	0	0	0	0
2791	Pillory Guard	0	0	0	0
2792	Tramp	0	0	0	0
2793	Tramp	0	0	0	0
2794	Tramp	0	0	0	0
2795	Skippy	0	0	0	0
2796	Skippy	0	0	0	0
2797	Skippy	0	0	0	0
2798	Skippy	0	0	0	0
2799	Skippy	0	0	0	0
2800	A pile of broken glass	0	0	0	0
2801	Ogre	359	360	361	359
2802	Gnome Coach	0	0	0	0
2803	Lizard	2776	2777	2778	2776
2804	Desert Lizard	2776	2777	2778	2776
2805	Desert Lizard	2776	2777	2778	2776
2806	Desert Lizard	2776	2777	2778	2776
2807	Small Lizard	2776	2777	2778	2776
2808	Small Lizard	2776	2777	2778	2776
2809	Al the Camel	0	0	0	0
2810	Elly the Camel	0	0	0	0
2811	Ollie the Camel	0	0	0	0
2812	Cam the Camel	0	0	0	0
2813	Alice the Camel	0	0	0	0
2815	Neferti the Camel	0	0	0	0
2816	Ali the Smith	0	0	0	0
2821	Ali the Farmer	0	0	0	0
2822	Ali the Tailor	0	0	0	0
2823	Ali the Guard	0	0	0	0
2824	Ellis	0	0	0	0
2825	Pirate Pete	0	0	0	0
2826	Pirate Pete	0	0	0	0
2827	Captain Braindeath	0	0	0	0
2828	50% Luke	0	0	0	0
2829	Davey	0	0	0	0
2830	Captain Donnie	0	0	0	0
2831	Zombie protester	0	0	0	0
2832	Zombie protester	0	0	0	0
2833	Zombie protester	0	0	0	0
2834	Zombie protester	0	0	0	0
2835	Zombie protester	0	0	0	0
2836	Zombie protester	0	0	0	0
2837	Zombie pirate	5647	0	5649	0
2838	Zombie pirate	5651	0	5654	0
2839	Zombie pirate	5651	0	5654	0
2840	Zombie pirate	5651	0	5654	0
2841	Zombie pirate	5647	0	5649	0
2842	Zombie pirate	5647	0	5649	0
2843	Zombie swab	5647	0	5649	0
2844	Zombie swab	5647	0	5649	0
2845	Zombie swab	5651	0	5654	0
2846	Zombie swab	5651	0	5654	0
2847	Zombie swab	5647	0	5649	0
2848	Zombie swab	5647	0	5649	0
2849	Evil spirit	2804	0	2805	0
2850	Fever spider	5319	0	5321	0
2851	Brewer	0	0	0	0
2852	Brewer	0	0	0	0
2853	Brewer	0	0	0	0
2854	Brewer	0	0	0	0
2855	Brewer	0	0	0	0
2856	Brewer	0	0	0	0
2857	Brewer	0	0	0	0
2858	Brewer	0	0	0	0
2859	Fishing spot	0	0	0	0
2860	Amaethwyr	0	0	0	0
2861	Teclyn	0	0	0	0
2862	Death	0	0	0	0
2863	Zombie	0	0	0	0
2864	Most of a Zombie	0	0	0	0
2865	Most of a Zombie	0	0	0	0
2866	Zombie	0	0	0	0
2867	Most of a Zombie	0	0	0	0
2868	Zombie Head	0	0	0	0
2869	Zombie	0	0	0	0
2870	Half-Zombie	0	0	0	0
2871	Other Half-Zombie	0	0	0	0
2872	Child	0	0	0	0
2873	Child	0	0	0	0
2874	Child	0	0	0	0
2875	Child	0	0	0	0
2876	Child	0	0	0	0
2877	Child	0	0	0	0
2878	Zombie	0	0	0	0
2879	Bardur	0	0	0	0
2880	Dagannoth fledgeling	1579	0	1581	0
2881	Dagannoth Supreme	2855	2852	2856	0
2882	Dagannoth Prime	2854	2852	2856	0
2883	Dagannoth Rex	2853	2852	2856	0
2884	Wallasalki	0	0	0	0
2885	Giant Rock Crab	1312	1313	1314	0
2886	Boulder	0	0	0	0
2887	Dagannoth	1343	1340	1342	0
2888	Dagannoth	1343	1340	1342	0
2889	Rock lobster	2860	2861	2862	2860
2890	Large rock	2860	2861	2861	2860
2891	Suspicious water	0	0	0	0
2892	Spinolyp	2868	2869	2866	2866
2893	Suspicious water	0	0	0	0
2894	Spinolyp	2868	2869	2866	2866
2895	Suspicious water	0	0	0	0
2896	Spinolyp	2868	2869	2866	2866
2897	Father Reen	0	0	0	0
2900	Father Reen	0	0	0	0
2901	Father Badden	0	0	0	0
2903	Father Badden	0	0	0	0
2904	Denath	0	0	0	0
2905	Denath	0	0	0	0
2906	Eric	0	0	0	0
2907	Eric	0	0	0	0
2908	Evil Dave	0	0	0	0
2910	Evil Dave	0	0	0	0
2911	Matthew	0	0	0	0
2912	Matthew	0	0	0	0
2913	Jennifer	0	0	0	0
2914	Jennifer	0	0	0	0
2915	Tanya	0	0	0	0
2916	Tanya	0	0	0	0
2917	Patrick	0	0	0	0
2918	Patrick	0	0	0	0
2919	Agrith Naar	64	65	67	0
2920	Sand storm	0	0	0	0
2922	Clay golem	0	0	0	0
2928	Clay golem	0	0	0	0
2929	Ghost	0	0	0	0
2931	Ghost	0	0	0	0
2932	Jorral	0	0	0	0
2933	Melina	0	0	0	0
2935	Melina	0	0	0	0
2936	Droalak	0	0	0	0
2938	Droalak	0	0	0	0
2939	Dron	0	0	0	0
2940	Blanin	0	0	0	0
2941	The Beast	0	0	0	0
2942	Bellemorde	0	0	0	0
2943	Pox	0	0	0	0
2944	Pox	0	0	0	0
2945	Bones	0	0	0	0
2946	Grimesquit	0	0	0	0
2947	Phingspet	0	0	0	0
2948	Hooknosed Jack	0	0	0	0
2949	Jimmy Dazzler	0	0	0	0
2950	The Face	0	0	0	0
2951	Felkrash	0	0	0	0
2952	Smokin' Joe	0	0	0	0
2953	Ceril Carnillean	0	0	0	0
2954	Councillor Halgrive	0	0	0	0
2955	Spice seller	0	0	0	0
2956	Fur trader	0	0	0	0
2957	Gem merchant	0	0	0	0
2958	Silver merchant	0	0	0	0
2959	Silk merchant	0	0	0	0
2960	Zenesha	0	0	0	0
2961	Ali Morrisane	0	0	0	0
2962	Guard	0	0	0	0
2963	Guard	0	0	0	0
2964	Guard	0	0	0	0
2965	Guard	0	0	0	0
2966	Guard	0	0	0	0
2967	Guard	0	0	0	0
2968	Guard	0	0	0	0
2969	Guard	0	0	0	0
2970	Guard	0	0	0	0
2971	Guard	0	0	0	0
2972	Guard	0	0	0	0
2973	Guard	0	0	0	0
2974	Rat	0	0	0	0
2980	Rat	2705	2706	2707	2705
2981	Rat	2705	2706	2707	2705
2982	King rat	0	0	0	0
2983	Turbogroomer	0	0	0	0
2984	Pusskins	0	0	0	0
2985	Loki	0	0	0	0
2986	Captain Tom	0	0	0	0
2987	Treacle	0	0	0	0
2988	Mittens	0	0	0	0
2989	Claude	0	0	0	0
2990	Topsy	0	0	0	0
2991	Rauborn	0	0	0	0
2992	Vaeringk	0	0	0	0
2993	Oxi	0	0	0	0
2994	Fior	0	0	0	0
2995	Sagira	0	0	0	0
2996	Anleif	0	0	0	0
2997	Gertrude's cat	0	0	0	0
2998	Gambler	0	0	0	0
2999	Gambler	0	0	0	0
3000	Barman	0	0	0	0
3001	Gambler	0	0	0	0
3002	Gambler	0	0	0	0
3003	Gambler	0	0	0	0
3004	Gambler	0	0	0	0
3005	Gambler	0	0	0	0
3006	Gambler	0	0	0	0
3007	Rat	2705	2706	2707	2705
3008	Rat	2705	2706	2707	2705
3009	Rat	2705	2706	2707	2705
3010	Rat	2705	2706	2707	2705
3011	Rat	2705	2706	2707	2705
3012	Rat	2705	2706	2707	2705
3013	Rat	2705	2706	2707	2705
3014	Rat	2705	2706	2707	2705
3015	Rat	2705	2706	2707	2705
3016	Rat	2705	2706	2707	2705
3017	Rat	2705	2706	2707	2705
3018	Rat	2705	2706	2707	2705
3019	Fishing spot	0	0	0	0
3020	Rug Merchant	0	0	0	0
3021	Tool leprechaun	0	0	0	0
3022	Genie	0	0	0	0
3023	Nirrie	0	0	0	0
3024	Tirrie	0	0	0	0
3025	Hallak	0	0	0	0
3026	Black golem	2917	0	2919	0
3027	White golem	2917	0	2919	0
3028	Grey golem	2917	0	2919	0
3029	Ghaslor the Elder	0	0	0	0
3030	Ali the Carter	0	0	0	0
3031	Usi	0	0	0	0
3032	Nkuku	0	0	0	0
3033	Garai	0	0	0	0
3034	Habibah	0	0	0	0
3035	Meskhenet	0	0	0	0
3036	Zahra	0	0	0	0
3037	Zahur	0	0	0	0
3038	Seddu	0	0	0	0
3039	Kazemde	0	0	0	0
3040	Awusah the Mayor	0	0	0	0
3041	Tarik	0	0	0	0
3042	Poltenip	395	425	836	0
3043	Radat	395	425	836	0
3044	Shiratti the Custodian	0	0	0	0
3045	Rokuh	0	0	0	0
3046	Nardah Banker	0	0	0	0
3047	Target	0	0	0	0
3048	Target	0	0	0	0
3049	Larxus	0	0	0	0
3051	Mystery figure	0	0	0	0
3052	Mystery figure	0	0	0	0
3053	Mystery figure	0	0	0	0
3054	Mystery figure	0	0	0	0
3055	Mystery figure	0	0	0	0
3056	Mystery figure	0	0	0	0
3057	Earth Warrior Champion	2951	0	2946	0
3058	Giant Champion	6368	0	6369	0
3059	Ghoul Champion	422	0	836	0
3060	Goblin Champion	6188	0	6190	0
3061	Hobgoblin Champion	164	165	167	164
3062	Imp Champion	5285	0	172	0
3063	Jogre Champion	2936	2937	2938	2936
3064	Lesser Demon Champion	64	65	67	0
3065	Skeleton Champion	5485	5493	1444	5493
3066	Zombies Champion	5581	0	5575	0
3067	Leon d'Cour	7049	7050	836	0
3068	Skeletal Wyvern	2985	2983	2987	2989
3069	Skeletal Wyvern	2985	2983	2987	2989
3070	Skeletal Wyvern	2985	2983	2987	2989
3071	Skeletal Wyvern	2985	2983	2987	2989
3072	Ice giant	4672	0	4673	0
3073	Ice warrior	451	404	843	451
3074	Monk	0	0	0	0
3075	Monk	0	0	0	0
3076	Dead Monk	0	0	0	0
3078	High Priest	0	0	0	0
3079	Monk	0	0	0	0
3080	Monk	0	0	0	0
3081	Assassin	0	0	0	0
3082	Rosie	0	0	0	0
3083	Sorcha	0	0	0	0
3084	Cait	0	0	0	0
3085	Cormac	0	0	0	0
3086	Fionn	0	0	0	0
3087	Donnacha	0	0	0	0
3088	Ronan	0	0	0	0
3089		0	0	0	0
3090		7048	0	836	0
3091		0	0	0	0
3093	Flying Book	0	0	0	0
3094	Flying Book	0	0	0	0
3095	Flying Book	0	0	0	0
3096	Pizzaz Hat	0	0	0	0
3097	Entrance Guardian	0	0	0	0
3098	Telekinetic Guardian	0	0	0	0
3099	Alchemy Guardian	0	0	0	0
3100	Enchantment Guardian	0	0	0	0
3101	Graveyard Guardian	0	0	0	0
3102	Maze Guardian	0	0	0	0
3103	Rewards Guardian	0	0	0	0
3104	Charmed Warrior	0	0	0	0
3105	Charmed Warrior	0	0	0	0
3106	Charmed Warrior	0	0	0	0
3107	Charmed Warrior	0	0	0	0
3108	Bert	0	0	0	0
3109	Guard Captain	0	0	0	0
3110	Sandy	0	0	0	0
3112	Sandy	0	0	0	0
3113	Sandy	0	0	0	0
3114	Mazion	0	0	0	0
3115	Blaec	0	0	0	0
3116	Reeso	0	0	0	0
3117	Sandwich lady	0	0	0	0
3118	Prison Pete	0	0	0	0
3119	Balloon Animal	0	0	0	0
3120	Balloon Animal	0	0	0	0
3121	Balloon Animal	0	0	0	0
3122	Balloon Animal	0	0	0	0
3123	Simon Templeton	422	404	9055	422
3124	Pyramid block	0	0	0	0
3125	Pyramid block	0	0	0	0
3126	Pentyn	0	0	0	0
3127	Aristarchus	0	0	0	0
3128	Boneguard	0	0	0	0
3130	Pile of bones	0	0	0	0
3131	Desert Spirit	0	0	0	0
3132	Crust of ice	0	0	0	0
3134	Furnace grate	0	0	0	0
3135	Furnace grate	0	0	0	0
3136	Enakhra	0	0	0	0
3138	Enakhra	0	0	0	0
3139	Boneguard	0	0	0	0
3141	Akthanakos	0	0	0	0
3142	Akthanakos	0	0	0	0
3143	Lazim	0	0	0	0
3148	Enakhra	0	0	0	0
3149	Akthanakos	0	0	0	0
3150	Knight	0	0	0	0
3151	Skeleton	0	0	0	0
3152	Harpie Bug Swarm	0	0	0	0
3153	Harpie Bug Swarm	1584	0	1585	0
3154	Count Draynor	0	0	0	0
3155	Bill Teach	0	0	0	0
3156	Bill Teach	0	0	0	0
3157	Bill Teach	0	0	0	0
3158	Bill Teach	0	0	0	0
3159	Bill Teach	0	0	0	0
3160	Bill Teach	0	0	0	0
3161	Charley	0	0	0	0
3162	Smith	0	0	0	0
3163	Joe	0	0	0	0
3164	Mama	0	0	0	0
3165	Mama	0	0	0	0
3166	Mike	0	0	0	0
3167	Pirate	0	0	0	0
3168	Pirate	0	0	0	0
3169	Pirate	0	0	0	0
3170	Pirate	0	0	0	0
3171	Pirate	0	0	0	0
3172	Pirate	0	0	0	0
3173	Pirate	0	0	0	0
3174	Pirate	0	0	0	0
3175	Pirate	0	0	0	0
3176	Pirate	0	0	0	0
3177	Pirate	0	0	0	0
3178	Pirate	0	0	0	0
3179	Pirate	0	0	0	0
3180	Pirate	0	0	0	0
3181	Pirate	0	0	0	0
3182	Pirate	0	0	0	0
3183	Pirate	0	0	0	0
3184	Pirate	0	0	0	0
3185	Pirate	0	0	0	0
3186	Pirate	0	0	0	0
3187	Pirate	422	425	836	0
3188	Pirate	0	388	9055	0
3189	Pirate	0	388	9055	0
3190	Pirate	0	388	9055	0
3191	Pirate	0	388	9055	0
3192	Pirate	0	388	9055	0
3193	Pirate	0	388	9055	0
3194	Pirate	0	388	9055	0
3195	Pirate	0	388	9055	0
3196	Pirate	400	425	836	0
3197	Gull	0	0	0	0
3198	Banker	0	0	0	0
3199	Banker	0	0	0	0
3200	Chaos Elemental	3146	3149	3147	5443
3201	Killerwatt	0	0	0	0
3202	Killerwatt	0	0	0	0
3203	Storm Cloud	0	0	0	0
3204	Storm Cloud	0	0	0	0
3205	Romily Weaklax	0	0	0	0
3206	Priest	0	0	0	0
3207	Pious Pete	0	0	0	0
3208	Taper	0	0	0	0
3209	Elena	0	0	0	0
3210	Alrena	0	0	0	0
3211	Alrena	0	0	0	0
3212	Bravek	0	0	0	0
3213	Edmond	0	0	0	0
3214	Edmond	0	0	0	0
3215	Elena	0	0	0	0
3216	Mourner	0	0	0	0
3217	Kaylee	0	0	0	0
3218	Tina	0	0	0	0
3219	Dwarf	99	0	102	0
3220	Dwarf	99	0	102	0
3221	Dwarf	99	0	102	0
3222	Drunken man	422	0	836	0
3223	Man	422	0	836	0
3224	Man	0	0	0	0
3225	Man	422	0	836	0
3226	Woman	422	425	836	0
3227	Woman	0	0	0	0
3228	Guard	386	404	836	0
3229	Guard	4230	404	836	2075
3230	Guard	395	404	836	0
3231	Guard	422	0	836	426
3232	Guard	422	0	836	426
3233	Guard	422	0	836	426
3234	Gardener	433	0	836	0
3235	Apprentice workman	0	0	0	0
3236	Workman	0	0	0	0
3237	Cuffs	422	425	836	0
3238	Narf	422	425	836	0
3239	Rusty	422	425	836	0
3240	Jeff	422	425	836	0
3241	Guard	395	404	836	0
3242	Dark wizard	422	0	836	0
3243	Dark wizard	422	0	836	0
3244	Dark wizard	422	0	836	0
3245	Dark wizard	422	0	836	0
3246	Barbarian	2067	0	836	0
3247	Barbarian	7048	0	836	7048
3248	Barbarian	2067	0	836	0
3249	Barbarian	401	0	836	0
3250	Barbarian	2067	0	836	0
3251	Barbarian	7048	0	836	0
3252	Barbarian	2067	0	836	0
3253	Barbarian	401	0	836	0
3254	Hunding	0	0	0	0
3255	Barbarian	401	0	836	0
3256	Barbarian	390	0	836	0
3257	Barbarian	2067	0	836	0
3258	Barbarian	401	0	836	0
3259	Barbarian	426	0	836	426
3260	Barbarian	428	0	836	0
3261	Barbarian	428	0	836	0
3262	Barbarian	428	0	836	0
3263	Barbarian	428	404	836	428
3264	Goblin	6185	6183	6182	6185
3265	Goblin	6185	6183	6182	6185
3266	Goblin	6185	6183	6182	6185
3267	Goblin	6185	6183	6182	6185
3268	Dwarf	99	0	102	0
3269	Dwarf	99	0	102	0
3270	Dwarf	99	0	102	0
3271	Dwarf	99	0	102	0
3272	Dwarf	99	0	102	0
3273	Dwarf	99	0	102	0
3274	Dwarf	99	0	102	0
3275	Dwarf	99	0	102	0
3276	Black Guard	99	0	102	0
3277	Black Guard	99	0	102	0
3278	Black Guard	99	0	102	0
3279	Black Guard	99	0	102	0
3280	Engineering assistant	0	0	0	0
3281	Engineering assistant	0	0	0	0
3282	Engineer	0	0	0	0
3283	Squirrel	0	0	0	0
3284	Squirrel	0	0	0	0
3285	Squirrel	0	0	0	0
3286	Raccoon	0	0	0	0
3287	Raccoon	0	0	0	0
3288	Raccoon	0	0	0	0
3289	Skeleton	0	0	0	0
3291	Skeleton	5485	0	5491	0
3292	Witch	0	0	0	0
3293	null	0	0	0	0
3294	Dwarf	0	0	0	0
3295	Dwarf	0	0	0	0
3296	Swan	0	0	0	0
3297	Black Swan	0	0	0	0
3298	Sweeper	0	0	0	0
3299	Martin the Master Gardener	0	0	0	0
3300	Frog	0	0	0	0
3301	Storm cloud	0	0	0	0
3302	Co-ordinator	0	0	0	0
3303	Fairy Nuff	0	0	0	0
3304	Fairy Godfather	0	0	0	0
3305	Slim Louie	0	0	0	0
3306	Fat Rocco	0	0	0	0
3307	Gatekeeper	0	0	0	0
3308	Zandar Horfyre	0	0	0	0
3309	Cow	5849	5850	5851	5849
3310	Sheep	0	0	0	0
3311	Sheep	0	0	0	0
3312	Zanaris choir	0	0	0	0
3313	Tanglefoot	0	0	0	0
3314	Baby tanglefoot	0	0	0	0
3319	Baby tanglefoot	0	0	0	0
3320	Baby tanglefoot	0	0	0	0
3321	Gatekeeper	0	0	0	0
3322	Fairy chef	0	0	0	0
3323	Draul Leptoc	0	0	0	0
3324	Draul Leptoc	0	0	0	0
3325	Phillipa	0	0	0	0
3326	Martina Scorsby	0	0	0	0
3327	Jeremy Clerksin	0	0	0	0
3328	Tarquin	0	0	0	0
3329	Sigurd	0	0	0	0
3330	Hari	0	0	0	0
3331	Barfy Bill	0	0	0	0
3332	Trees	0	0	0	0
3333	Trees	0	0	0	0
3334	Cavemouth	0	0	0	0
3335	Bullrush	0	0	0	0
3336	Bullrush	0	0	0	0
3337	Cave scenery	0	0	0	0
3338	Cave scenery	0	0	0	0
3339	Cave scenery	0	0	0	0
3340	Giant Mole	3312	3311	3310	3312
3341	Baby Mole	0	0	0	0
3342	Baby Mole	0	0	0	0
3343	Baby Mole	0	0	0	0
3344	Fungi	0	0	0	0
3345	Fungi	2776	2775	2777	0
3346	Zygomite	2776	0	2777	0
3347	Zygomite	2776	2775	2777	0
3348	White Knight	7049	7050	836	0
3349	White Knight	7049	7050	836	0
3350	White Knight	7049	7050	836	0
3351	Genie	0	0	0	0
3352	Mysterious Old Man	0	0	0	0
3353	Swarm	0	0	0	0
3354	Cap'n Hand	0	0	0	0
3355	Rick Turpentine	0	0	0	0
3356	Niles	0	0	0	0
3357	Miles	0	0	0	0
3358	Giles	0	0	0	0
3359	Dr Jekyll	0	0	0	0
3360	Mr Hyde	0	0	0	0
3361	Mr Hyde	0	0	0	0
3362	Mr Hyde	0	0	0	0
3363	Mr Hyde	0	0	0	0
3364	Mr Hyde	0	0	0	0
3365	Mr Hyde	0	0	0	0
3366	Evil Chicken	0	0	0	0
3367	Evil Chicken	0	0	0	0
3368	Evil Chicken	0	0	0	0
3369	Evil Chicken	0	0	0	0
3370	Evil Chicken	0	0	0	0
3371	Evil Chicken	0	0	0	0
3372	Sir Amik Varze	0	0	0	0
3373	Sir Amik Varze	0	0	0	0
3375	Evil Chicken	2299	0	2301	0
3376	Baby black dragon	25	26	28	25
3377	K'klik	0	0	0	0
3378	Evil Dave	0	0	0	0
3379	Evil Dave	0	0	0	0
3381	Doris	0	0	0	0
3382	Hell-Rat	0	0	0	0
3383	Gypsy	0	0	0	0
3386	Gypsy	0	0	0	0
3387	Culinaromancer	0	0	0	0
3388	Osman	0	0	0	0
3389	Pirate Pete	0	0	0	0
3390	Mountain Dwarf	0	0	0	0
3391	General Wartface	0	0	0	0
3392	General Bentnoze	0	0	0	0
3393	Lumbridge Guide	0	0	0	0
3394	Evil Dave	0	0	0	0
3395	Sir Amik Varze	0	0	0	0
3396	Awowogei	0	0	0	0
3397	Awowogei	0	0	0	0
3398	Skrach Uglogwee	0	0	0	0
3399	Culinaromancer	0	0	0	0
3401	An old Dwarf	0	0	0	0
3403	Rohak	0	0	0	0
3404	null	0	0	0	0
3406	Icefiend	0	0	0	0
3407	Guard	7218	0	7219	0
3408	Guard	583	0	7213	0
3409	Wild jade vine	7246	0	7249	0
3410	Wild jade vine	7246	0	7249	0
3411	Wild jade vine	7246	0	7249	0
3412	Wild jade vine	7246	0	7249	0
3413	Goblin Cook	0	0	0	0
3414	Goblin Cook	0	0	0	0
3415	Goblin Cook	0	0	0	0
3416	Pirate Pete	0	0	0	0
3417	Pirate Pete	0	0	0	0
3418	Pirate Pete	0	0	0	0
3419	Ogre	359	360	361	0
3420	Mogre Guard	0	0	0	0
3421	Crab	3428	0	3430	0
3422	Mudskipper	3433	3434	3435	0
3423	Mudskipper	3433	3434	3435	0
3424	Crab	3428	3429	3430	0
3425	Fish	0	0	0	0
3426	Fish	0	0	0	0
3427	Fish	0	0	0	0
3428	Fish	0	0	0	0
3429	Fish	0	0	0	0
3430	Fish	0	0	0	0
3431	Fish	0	0	0	0
3432	Fish	0	0	0	0
3433	Fish	0	0	0	0
3434	Fish	0	0	0	0
3435	Fish	0	0	0	0
3436	Fish	0	0	0	0
3437	Fish	0	0	0	0
3438	Fish	0	0	0	0
3439	Fish	0	0	0	0
3440	Fish	0	0	0	0
3441	Fish	0	0	0	0
3442	Fish	0	0	0	0
3443	Fish	0	0	0	0
3444	Fish	0	0	0	0
3445	Fish	0	0	0	0
3446	Fish	0	0	0	0
3447	Fish	0	0	0	0
3448	Fish	0	0	0	0
3449	Lumbridge Guide	0	0	0	0
3450	null	0	0	0	0
3451	Lumbridge Guide	0	0	0	0
3452	? ? ? ?	0	0	0	0
3453	? ? ? ?	0	0	0	0
3454	? ? ? ?	0	0	0	0
3455	? ? ? ?	0	0	0	0
3456	? ? ? ?	0	0	0	0
3457	? ? ? ?	0	0	0	0
3458	? ? ? ?	0	0	0	0
3459	? ? ? ?	0	0	0	0
3460	? ? ? ?	0	0	0	0
3461	? ? ? ?	0	0	0	0
3462	Skrach Uglogwee	0	0	0	0
3463	Skrach Uglogwee	0	0	0	0
3464	Skrach Uglogwee	0	0	0	0
3465	Nung	0	0	0	0
3466	Ogre	0	0	0	0
3467	Rantz	0	0	0	0
3468	Rantz	0	0	0	0
3469	Ogre boat	0	0	0	0
3472	Ogre boat	0	0	0	0
3473	Balloon Toad	0	0	0	0
3474	Balloon Toad	0	0	0	0
3475	Balloon Toad	0	0	0	0
3476	Jubbly bird	6800	0	6801	0
3477	Jubbly bird	0	0	0	0
3478	King Awowogei	0	0	0	0
3479	King Awowogei	0	0	0	0
3481	Mizaru	0	0	0	0
3482	Kikazaru	0	0	0	0
3483	Iwazaru	0	0	0	0
3484	Big Snake	3538	0	3540	0
3485	Culinaromancer	0	0	0	0
3486	Culinaromancer	0	0	0	0
3487	Culinaromancer	0	0	0	0
3488	Culinaromancer	0	0	0	0
3489	Culinaromancer	0	0	0	0
3490	Culinaromancer	0	0	0	0
3491	Culinaromancer	0	0	0	0
3492	Culinaromancer	0	0	0	0
3493	Agrith-Na-Na	3501	3500	3503	0
3494	Flambeed	1750	1751	1752	0
3495	Karamel	422	425	836	0
3496	Dessourt	3507	3505	3510	0
3497	Gelatinnoth Mother	1341	0	1342	0
3498	Gelatinnoth Mother	1341	1340	1342	0
3499	Gelatinnoth Mother	1341	1340	1342	0
3500	Gelatinnoth Mother	1341	1340	1342	0
3501	Gelatinnoth Mother	1341	1340	1342	0
3502	Gelatinnoth Mother	1341	1340	1342	0
3503	Overgrown hellcat	0	0	0	0
3504	Hellcat	0	0	0	0
3505	Hell-kitten	0	0	0	0
3506	Lazy hellcat	0	0	0	0
3507	Wily hellcat	0	0	0	0
3508	Leo	0	0	0	0
3509	Sorin	0	0	0	0
3510	Wiskit	0	0	0	0
3512	Vampyre Juvinate	0	0	0	0
3514	Vampyre Juvinate	0	0	0	0
3515	Vampyre Juvinate	0	0	0	0
3516	Gadderanks	0	0	0	0
3518	Gadderanks	0	0	0	0
3519	Gadderanks	0	0	0	0
3520	Vampyre Juvinate	0	0	0	0
3521	Vampyre Juvinate	5783	0	5798	0
3522	Vampyre Juvinate	5783	0	5798	0
3523	Vampyre Juvinate	5783	0	5798	0
3524	Vampyre Juvinate	5783	0	5798	0
3525	Vampyre Juvinate	5783	0	5798	0
3526	Vampyre Juvinate	6016	0	6031	0
3527	Held Vampyre Juvinate	0	0	5798	0
3528	Vampyre Juvinate	0	0	0	0
3529	Vampyre Juvinate	0	0	0	0
3530	Mist	0	0	0	0
3531	Vampyre Juvenile	6276	0	6781	0
3532	Vampyre Juvenile	6276	0	6781	0
3533	Vampyre Juvenile	6276	0	6781	0
3534	Held Vampyre Juvenile	0	0	6781	0
3535	Ivan Strom	0	0	0	0
3536	Ivan Strom	0	0	0	0
3537	Vampyre Juvinate	0	0	0	0
3538	Vampyre Juvinate	0	0	0	0
3539	Veliaf Hurtz	0	0	0	0
3540	Elisabeta	0	0	0	0
3541	Aurel	0	0	0	0
3542	Sorin	0	0	0	0
3543	Luscion	0	0	0	0
3544	Sergiu	0	0	0	0
3545	Radu	0	0	0	0
3546	Grigore	0	0	0	0
3547	Ileana	0	0	0	0
3548	Valeria	0	0	0	0
3549	Emilia	0	0	0	0
3550	Florin	0	0	0	0
3551	Catalina	0	0	0	0
3552	Ivan	0	0	0	0
3553	Victor	0	0	0	0
3554	Helena	0	0	0	0
3555	Teodor	0	0	0	0
3556	Marius	0	0	0	0
3557	Gabriela	0	0	0	0
3558	Vladimir	0	0	0	0
3559	Calin	0	0	0	0
3560	Mihail	0	0	0	0
3561	Nicoleta	0	0	0	0
3562	Simona	0	0	0	0
3563	Vasile	0	0	0	0
3564	Razvan	0	0	0	0
3565	Luminata	0	0	0	0
3566	Cornelius	0	0	0	0
3569	Cornelius	0	0	0	0
3570	Benjamin	0	0	0	0
3571	Liam	0	0	0	0
3572	Miala	0	0	0	0
3573	Verak	0	0	0	0
3574	Fishing spot	0	0	0	0
3575	Fishing spot	0	0	0	0
3576	Juvinate	0	0	0	0
3577	Juvinate	6016	0	6031	0
3578	Juvinate	0	0	0	0
3579	Sheep	0	0	0	0
3580	Tentacle	0	0	0	0
3581	Skeleton	5487	0	5491	0
3582	Guard dog	0	0	0	0
3583	Hobgoblin	164	163	167	0
3584	Troll	0	0	0	0
3585	Huge spider	5319	0	5321	0
3586	Hellhound	6562	0	6576	0
3587	Rantz	359	360	361	359
3588	Baby red dragon	25	26	28	25
3589	Kalphite Soldier	6223	6227	6228	0
3590	Steel dragon	0	0	0	0
3591	Dagannoth	0	0	0	0
3592	Tok-Xil	0	0	0	0
3593	Demon	0	0	0	0
3594	Rocnar	0	0	0	0
3595	Toy Soldier	0	0	0	0
3596	Toy Doll	0	0	0	0
3597	Toy Mouse	0	0	0	0
3598	Clockwork cat	0	0	0	0
3599	Swamp snake	3538	3539	3540	3538
3600	Swamp snake	3538	3539	3540	3538
3601	Swamp snake	3538	3539	3540	3538
3602	Swamp snake	3538	3539	3540	3538
3603	Dead swamp snake	0	0	0	0
3604	Dead swamp snake	0	0	0	0
3605	Dead swamp snake	0	0	0	0
3606	Ghast	0	0	0	0
3607	Ghast	0	0	0	0
3608	Ghast	0	0	0	0
3609	Ghast	0	0	0	0
3610	Ghast	0	0	0	0
3611	Ghast	0	0	0	0
3612	Giant snail	0	0	0	0
3613	Giant snail	0	0	0	0
3614	Giant snail	0	0	0	0
3615	Riyl shadow	0	0	0	0
3616	Asyn shadow	0	0	0	0
3617	Shade	0	0	0	0
3618	Tentacle	3618	0	3620	3618
3619	Head	3731	0	3733	0
3620	Head	3731	3732	3733	0
3621	Tentacle	0	0	0	0
3622	Zombie	0	0	0	0
3623	Smiddi Ryak	0	0	0	0
3625	Rolayne Twickit	0	0	0	0
3627	Jayene Kliyn	0	0	0	0
3629	Valantay Eppel	0	0	0	0
3631	Dalcian Fang	0	0	0	0
3633	Fyiona Fray	0	0	0	0
3634	Fyiona Fray	0	0	0	0
3635	Abidor Crank	0	0	0	0
3636	Spirit tree	0	0	0	0
3637	Spirit tree	0	0	0	0
3638	Launa	0	0	0	0
3640	Launa	0	0	0	0
3641	Brana	0	0	0	0
3642	Mawnis Burowgar	0	0	0	0
3643	Tolna	0	0	0	0
3644	Tolna	0	0	0	0
3645	Angry bear	4927	4927	4929	0
3646	Angry unicorn	6376	0	6377	0
3647	Angry giant rat	4933	4934	4935	0
3648	Angry goblin	6185	6183	6182	0
3649	Fear reaper	3812	3811	3813	0
3650	Confusion beast	3818	0	3821	0
3651	Confusion beast	0	0	0	0
3652	Confusion beast	0	0	0	0
3653	Confusion beast	0	0	0	0
3654	Confusion beast	0	0	0	0
3655	Hopeless creature	3823	0	3827	0
3656	Hopeless creature	0	0	0	0
3657	Hopeless creature	0	0	0	0
3658	Tolna	0	0	0	0
3659	Tolna	0	0	0	0
3660	Tolna	0	0	0	0
3661	Angry unicorn	6376	0	6377	0
3662	Angry giant rat	4933	4934	4935	0
3663	Angry goblin	6185	6183	6182	0
3664	Angry bear	4927	4927	4929	0
3665	Fear reaper	3812	3811	3813	0
3666	Confusion beast	3818	3820	3821	0
3667	Hopeless creature	3823	0	3827	0
3668	Hopeless beast	0	0	0	0
3669	Hopeless beast	0	0	0	0
3670	Odd Old Man	0	0	0	0
3671	Fortunato	0	0	0	0
3672	Ram	5341	5337	5343	0
3673	Ram	5338	5337	5336	0
3674	Sack	0	0	0	0
3675	Vulture	2019	2024	2021	0
3676	Vulture	2025	2024	2026	0
3677	Sinister Stranger	0	0	0	0
3678	Sinister Stranger	0	0	0	0
3679	Vestri	0	0	0	0
3680	Ali the Leaflet Dropper	0	0	0	0
3681	Nigel	0	0	0	0
3682	Egg	0	0	0	0
3683	Egg	0	0	0	0
3684	Egg	0	0	0	0
3685	Egg	0	0	0	0
3686	Chocolate kebbit	0	0	0	0
3687	Chocolate kebbit	0	0	0	0
3688	Easter Bunny	0	0	0	0
3689	Egg	0	0	0	0
3690	Egg	0	0	0	0
3691	Egg	0	0	0	0
3692	Egg	0	0	0	0
3693	Egg	0	0	0	0
3694	Egg	0	0	0	0
3695	Volf Olafson	0	0	0	0
3696	Ingrid Hradson	0	0	0	0
3697	Skeleton fremennik	6128	0	836	0
3698	Skeleton fremennik	400	425	836	0
3699	Skeleton fremennik	400	425	836	0
3700	Skeleton fremennik	6128	0	836	0
3701	Skeleton fremennik	6128	0	836	0
3702	Skeleton fremennik	395	425	836	0
3703	Skeleton fremennik	6128	0	836	0
3704	Skeleton fremennik	6128	0	836	0
3705	Skeleton fremennik	5485	0	0	0
3706	Ulfric	6118	0	0	0
3707	Brine rat	6117	0	6115	0
3708	Boulder	0	0	0	0
3709	Boulder	0	0	0	0
3710	Ulfric	0	0	0	0
3711	Giant bat	4915	4916	4917	4915
3712	Zanik	0	0	0	0
3713	Sigmund	0	0	0	0
3714	Zanik	0	0	0	0
3715	Guard	395	425	836	0
3716	Sigmund	0	0	0	0
3717	Sigmund	0	0	0	0
3718	Sigmund	0	0	0	0
3719	Sigmund	0	0	0	0
3720	Sigmund	0	0	0	0
3721	Zanik	0	0	0	0
3722	Zanik	0	0	0	0
3723	General Bentnoze	0	0	0	0
3724	General Wartface	0	0	0	0
3725	Grubfoot	0	0	0	0
3726	Goblin	6185	6183	6182	6185
3727	Splatter	3891	3890	3888	3891
3728	Splatter	3891	3890	3888	3891
3729	Splatter	3891	3890	3888	3891
3730	Splatter	3891	3890	3888	3891
3731	Splatter	3891	3890	3888	3891
3732	Shifter	3901	3902	3903	3901
3733	Shifter	3901	3902	3903	3901
3734	Shifter	3901	3902	3903	3901
3735	Shifter	3901	3902	3903	3901
3736	Shifter	3901	3902	3903	3901
3737	Shifter	3901	3902	3903	3901
3738	Shifter	3901	3902	3903	3901
3739	Shifter	3901	3902	3903	3901
3740	Shifter	3901	3902	3903	3901
3741	Shifter	3901	3902	3903	3901
3742	Ravager	3915	3916	3917	3915
3743	Ravager	3915	3916	3917	3915
3744	Ravager	3915	3916	3917	3915
3745	Ravager	3915	3916	3917	3915
3746	Ravager	3915	3916	3917	3915
3747	Spinner	3908	3909	3910	3908
3748	Spinner	3908	3909	3910	3908
3749	Spinner	3908	3909	3910	3908
3750	Spinner	3908	3909	3910	3908
3751	Spinner	3908	3909	3910	3908
3752	Torcher	3882	3880	3881	3882
3753	Torcher	3882	3880	3881	3882
3754	Torcher	3882	3880	3881	3882
3755	Torcher	3882	3880	3881	3882
3756	Torcher	3882	3880	3881	3882
3757	Torcher	3882	3880	3881	3882
3758	Torcher	3882	3880	3881	3882
3759	Torcher	3882	3880	3881	3882
3760	Torcher	3882	3880	3881	3882
3761	Torcher	3882	3880	3881	3882
3762	Defiler	3920	3921	3922	3920
3763	Defiler	3920	3921	3922	3920
3764	Defiler	3920	3921	3922	3920
3765	Defiler	3920	3921	3922	3920
3766	Defiler	3920	3921	3922	3920
3767	Defiler	3920	3921	3922	3920
3768	Defiler	3920	3921	3922	3920
3769	Defiler	3920	3921	3922	3920
3770	Defiler	3920	3921	3922	3920
3771	Defiler	3920	3921	3922	3920
3772	Brawler	3896	3895	3894	3896
3773	Brawler	3896	3895	3894	3896
3774	Brawler	3896	3895	3894	3896
3775	Brawler	3896	3895	3894	3896
3776	Brawler	3896	3895	3894	3896
3777	Doomsayer	0	0	0	0
3778	Arthur	0	0	0	0
3780	Squire	0	0	0	0
3782	Void Knight	0	0	0	0
3783	Frog	7260	0	7256	0
3784	Void Knight	0	0	0	0
3785	Void Knight	0	0	0	0
3786	Void Knight	0	0	0	0
3787	Sir Palomedes	0	0	0	0
3788	Void Knight	0	0	0	0
3789	Void Knight	0	0	0	0
3790	Squire	0	0	0	0
3791	Squire	0	0	0	0
3792	Squire	0	0	0	0
3793	Squire	0	0	0	0
3794	Squire	0	0	0	0
3795	Squire	0	0	0	0
3796	Squire	0	0	0	0
3797	Squire	0	0	0	0
3798	Squire	0	0	0	0
3799	Squire	0	0	0	0
3800	Squire	0	0	0	0
3801	Squire	0	0	0	0
3802	Squire (Novice)	0	0	0	0
3803	Fishing spot	0	0	0	0
3805	Postie Pete	0	0	0	0
3806	Millie Miller	0	0	0	0
3807	Gillie Groats	0	0	0	0
3808	Tortoise	3960	0	3962	3954
3809	Captain Dalbur	0	0	0	0
3810	Captain Bleemadge	0	0	0	0
3811	Captain Errdo	0	0	0	0
3812	Captain Klemfoodle	0	0	0	0
3814	Gnome Archer	190	193	196	190
3815	Gnome Driver	3969	193	196	0
3816	Gnome Mage	3968	193	196	0
3817	Lieutenant Schepbur	0	0	0	0
3818	Trainer Nacklepen	0	0	0	0
3819	Tortoise	3960	0	3962	0
3820	Wise Old Man	0	0	0	0
3822	Herman Caranos	0	0	0	0
3823	Franklin Caranos	0	0	0	0
3824	Arnold Lydspor	0	0	0	0
3825	Devin Mendelberg	0	0	0	0
3826	George Laxmeister	0	0	0	0
3827	Ramara du Croissant	0	0	0	0
3828	Kathy Corkat	0	0	0	0
3831	Kathy Corkat	0	0	0	0
3832	Kalphite Queen	0	0	0	0
3835	Kalphite Queen	6241	6240	6242	0
3836	Kalphite Queen	6234	6237	6233	0
3837	Drunken Dwarf	0	0	0	0
3838	Wise Old Man	0	0	0	0
3839	Wise Old Man	0	0	0	0
3840	Sea troll	0	0	0	0
3841	Sea troll	0	0	0	0
3842	Sea troll	0	0	0	0
3843	Sea troll	0	0	0	0
3844	Skeleton Mage	0	0	0	0
3845	Sea troll	0	0	0	0
3846	Sea Troll General	0	0	0	0
3847	Sea Troll Queen	3991	0	3993	0
3848	Fishing spot	0	0	0	0
3849	Fishing spot	0	0	0	0
3850	Skeleton Mage	0	0	0	0
3851	Skeleton Mage	811	0	836	811
3852	Suspect	0	0	0	0
3853	Suspect	0	0	0	0
3854	Suspect	0	0	0	0
3855	Suspect	0	0	0	0
3856	Suspect	0	0	0	0
3857	Suspect	0	0	0	0
3858	Suspect	0	0	0	0
3859	Suspect	0	0	0	0
3860	Suspect	0	0	0	0
3861	Suspect	0	0	0	0
3862	Suspect	0	0	0	0
3863	Suspect	0	0	0	0
3864	Suspect	0	0	0	0
3865	Suspect	0	0	0	0
3866	Suspect	0	0	0	0
3867	Suspect	0	0	0	0
3868	Suspect	0	0	0	0
3869	Suspect	0	0	0	0
3870	Suspect	0	0	0	0
3871	Suspect	0	0	0	0
3872	Suspect	0	0	0	0
3873	Suspect	0	0	0	0
3874	Suspect	0	0	0	0
3875	Suspect	0	0	0	0
3876	Suspect	0	0	0	0
3877	Suspect	0	0	0	0
3878	Suspect	0	0	0	0
3879	Suspect	0	0	0	0
3880	Suspect	0	0	0	0
3881	Suspect	0	0	0	0
3882	Suspect	0	0	0	0
3883	Suspect	0	0	0	0
3884	Suspect	0	0	0	0
3885	Suspect	0	0	0	0
3886	Suspect	0	0	0	0
3887	Suspect	0	0	0	0
3888	Suspect	0	0	0	0
3889	Suspect	0	0	0	0
3890	Suspect	0	0	0	0
3891	Suspect	0	0	0	0
3892	Molly	0	0	0	0
3893	Molly	0	0	0	0
3894	Molly	0	0	0	0
3895	Molly	0	0	0	0
3896	Molly	0	0	0	0
3897	Molly	0	0	0	0
3898	Molly	0	0	0	0
3899	Molly	0	0	0	0
3900	Molly	0	0	0	0
3901	Molly	0	0	0	0
3902	Molly	0	0	0	0
3903	Molly	0	0	0	0
3904	Molly	0	0	0	0
3905	Molly	0	0	0	0
3906	Molly	0	0	0	0
3907	Molly	0	0	0	0
3908	Molly	0	0	0	0
3909	Molly	0	0	0	0
3910	Molly	0	0	0	0
3911	Molly	0	0	0	0
3912	Flippa	0	0	0	0
3913	Tilt	0	0	0	0
3914	Gardener	0	0	0	0
3915	Man	422	0	836	0
3916	Carpenter Kjallak	0	0	0	0
3917	Farmer Fromund	0	0	0	0
3918	Prince Brand	0	0	0	0
3919	Princess Astrid	0	0	0	0
3920	Runa	0	0	0	0
3921	Halla	0	0	0	0
3922	Finn	0	0	0	0
3923	Osvald	0	0	0	0
3924	Runolf	0	0	0	0
3925	Tjorvi	0	0	0	0
3926	Ingrid	0	0	0	0
3927	Thora	0	0	0	0
3928	Signy	0	0	0	0
3929	Hild	0	0	0	0
3930	Armod	0	0	0	0
3931	Beigarth	0	0	0	0
3932	Reinn	0	0	0	0
3933	Alviss	0	0	0	0
3934	Fullangr	0	0	0	0
3935	Jari	0	0	0	0
3936	Thorodin	0	0	0	0
3937	Ferd	0	0	0	0
3938	Donal	0	0	0	0
3939	Sea Snake Young	3538	0	3540	0
3940	Sea Snake Hatchling	3538	0	3540	0
3941	Guard	0	0	0	0
3942	Guard	0	0	0	0
3943	Giant Sea Snake	4040	0	4039	0
3944	Hangman game	0	0	0	0
3945	Hangman game	0	0	0	0
3946	Hangman game	0	0	0	0
3947	Hangman game	0	0	0	0
3948	Hangman game	0	0	0	0
3949	Hangman game	0	0	0	0
3950	Hangman game	0	0	0	0
3951	Hangman game	0	0	0	0
3952	Hangman game	0	0	0	0
3953	Hangman game	0	0	0	0
3954	Treasure fairy	0	0	0	0
3955	Jacky Jester	0	0	0	0
3956	Combat stone	0	0	0	0
3957	Combat stone	0	0	0	0
3958	Combat stone	0	0	0	0
3959	Combat stone	0	0	0	0
3960	Combat stone	0	0	0	0
3961	Combat stone	0	0	0	0
3962	Combat stone	0	0	0	0
3963	Combat stone	0	0	0	0
3964	Combat stone	0	0	0	0
3965	Combat stone	0	0	0	0
3966	Combat stone	0	0	0	0
3967	Combat stone	0	0	0	0
3968	Combat stone	0	0	0	0
3969	Combat stone	0	0	0	0
3970	Combat stone	0	0	0	0
3971	Combat stone	0	0	0	0
3972	Combat stone	0	0	0	0
3973	Combat stone	0	0	0	0
3974	Combat stone	0	0	0	0
3975	Combat stone	0	0	0	0
3976	Combat stone	0	0	0	0
3977	Combat stone	0	0	0	0
3978	Combat stone	0	0	0	0
3979	Combat stone	0	0	0	0
3980	Combat stone	0	0	0	0
3981	Combat stone	0	0	0	0
3982	Combat stone	0	0	0	0
3983	Combat stone	0	0	0	0
3984	Combat stone	0	0	0	0
3985	Combat stone	0	0	0	0
3986	Combat stone	0	0	0	0
3987	Combat stone	0	0	0	0
3988	Combat stone	0	0	0	0
3989	Combat stone	0	0	0	0
3990	Combat stone	0	0	0	0
3991	Combat stone	0	0	0	0
3992	Combat stone	0	0	0	0
3993	Combat stone	0	0	0	0
3994	Combat stone	0	0	0	0
3995	Combat stone	0	0	0	0
3996	Combat stone	0	0	0	0
3997	Combat stone	0	0	0	0
3998	Combat stone	0	0	0	0
3999	Combat stone	0	0	0	0
4000	Combat stone	0	0	0	0
4001	Combat stone	0	0	0	0
4002	Combat stone	0	0	0	0
4003	Combat stone	0	0	0	0
4004	Combat stone	0	0	0	0
4005	Combat stone	0	0	0	0
4006	Combat stone	0	0	0	0
4007	Combat stone	0	0	0	0
4008	Combat stone	0	0	0	0
4009	Combat stone	0	0	0	0
4010	Combat stone	0	0	0	0
4011	Combat stone	0	0	0	0
4012	Combat stone	0	0	0	0
4013	Combat stone	0	0	0	0
4014	Combat stone	0	0	0	0
4015	Combat stone	0	0	0	0
4016	Combat stone	0	0	0	0
4017	Combat stone	0	0	0	0
4018	Combat stone	0	0	0	0
4019	Combat stone	0	0	0	0
4020	Combat stone	0	0	0	0
4021	Elemental balance	0	0	0	0
4022	Elemental balance	0	0	0	0
4023	Elemental balance	0	0	0	0
4024	Elemental balance	0	0	0	0
4025	Elemental balance	0	0	0	0
4026	Elemental balance	0	0	0	0
4027	Elemental balance	0	0	0	0
4028	Elemental balance	0	0	0	0
4029	Elemental balance	0	0	0	0
4030	Elemental balance	0	0	0	0
4031	Elemental balance	0	0	0	0
4032	Elemental balance	0	0	0	0
4033	Elemental balance	0	0	0	0
4034	Elemental balance	0	0	0	0
4035	Elemental balance	0	0	0	0
4036	Elemental balance	0	0	0	0
4037	Elemental balance	0	0	0	0
4038	Elemental balance	0	0	0	0
4039	Elemental balance	0	0	0	0
4040	Elemental balance	0	0	0	0
4041	Elemental balance	0	0	0	0
4042	Elemental balance	0	0	0	0
4043	Elemental balance	0	0	0	0
4044	Elemental balance	0	0	0	0
4045	Elemental balance	0	0	0	0
4046	Elemental balance	0	0	0	0
4047	Elemental balance	0	0	0	0
4048	Elemental balance	0	0	0	0
4049	Elemental balance	0	0	0	0
4050	Elemental balance	0	0	0	0
4051	Elemental balance	0	0	0	0
4052	Elemental balance	0	0	0	0
4053	Elemental balance	0	0	0	0
4054	Elemental balance	0	0	0	0
4055	Elemental balance	0	0	0	0
4056	Elemental balance	0	0	0	0
4057	Elemental balance	0	0	0	0
4058	Elemental balance	0	0	0	0
4059	Elemental balance	0	0	0	0
4060	Elemental balance	0	0	0	0
4061	Elemental balance	0	0	0	0
4062	Elemental balance	0	0	0	0
4063	Elemental balance	0	0	0	0
4064	Elemental balance	0	0	0	0
4065	Elemental balance	0	0	0	0
4066	Elemental balance	0	0	0	0
4067	Elemental balance	0	0	0	0
4068	Elemental balance	0	0	0	0
4069	Elemental balance	0	0	0	0
4070	Elemental balance	0	0	0	0
4071	Elemental balance	0	0	0	0
4072	Elemental balance	0	0	0	0
4073	Elemental balance	0	0	0	0
4074	Elemental balance	0	0	0	0
4075	Elemental balance	0	0	0	0
4076	Elemental balance	0	0	0	0
4077	Elemental balance	0	0	0	0
4078	Elemental balance	0	0	0	0
4079	Elemental balance	0	0	0	0
4080	Elemental balance	0	0	0	0
4081	Elemental balance	0	0	0	0
4082	Elemental balance	0	0	0	0
4083	Elemental balance	0	0	0	0
4084	Elemental balance	0	0	0	0
4085	Elemental balance	0	0	0	0
4086	Elemental balance	0	0	0	0
4087	Elemental balance	0	0	0	0
4088	Elemental balance	0	0	0	0
4089	Elemental balance	0	0	0	0
4090	Elemental balance	0	0	0	0
4091	Elemental balance	0	0	0	0
4092	Elemental balance	0	0	0	0
4093	Elemental balance	0	0	0	0
4094	Elemental balance	0	0	0	0
4095	Elemental balance	0	0	0	0
4096	Combat stone	0	0	0	0
4097	Combat stone	0	0	0	0
4098	Combat stone	0	0	0	0
4099	Combat stone	0	0	0	0
4100	Combat stone	0	0	0	0
4101	Combat stone	0	0	0	0
4102	Combat stone	0	0	0	0
4103	Combat stone	0	0	0	0
4104	Combat stone	0	0	0	0
4105	Combat stone	0	0	0	0
4106	Combat stone	0	0	0	0
4107	Combat stone	0	0	0	0
4108	Combat stone	0	0	0	0
4109	Combat stone	0	0	0	0
4110	Combat stone	0	0	0	0
4111	Combat stone	0	0	0	0
4112	Combat stone	0	0	0	0
4113	Combat stone	0	0	0	0
4114	Combat stone	0	0	0	0
4115	Combat stone	0	0	0	0
4116	Combat stone	0	0	0	0
4117	Combat stone	0	0	0	0
4118	Combat stone	0	0	0	0
4119	Combat stone	0	0	0	0
4120	Combat stone	0	0	0	0
4121	Combat stone	0	0	0	0
4122	Combat stone	0	0	0	0
4123	Combat stone	0	0	0	0
4124	Combat stone	0	0	0	0
4125	Combat stone	0	0	0	0
4126	Combat stone	0	0	0	0
4127	Combat stone	0	0	0	0
4128	Combat stone	0	0	0	0
4129	Combat stone	0	0	0	0
4130	Combat stone	0	0	0	0
4131	Combat stone	0	0	0	0
4132	Combat stone	0	0	0	0
4133	Combat stone	0	0	0	0
4134	Combat stone	0	0	0	0
4135	Combat stone	0	0	0	0
4136	Combat stone	0	0	0	0
4137	Combat stone	0	0	0	0
4138	Combat stone	0	0	0	0
4139	Combat stone	0	0	0	0
4140	Combat stone	0	0	0	0
4141	Combat stone	0	0	0	0
4142	Combat stone	0	0	0	0
4143	Combat stone	0	0	0	0
4144	Combat stone	0	0	0	0
4145	Combat stone	0	0	0	0
4146	Combat stone	0	0	0	0
4147	Combat stone	0	0	0	0
4148	Combat stone	0	0	0	0
4149	Combat stone	0	0	0	0
4150	Combat stone	0	0	0	0
4151	Combat stone	0	0	0	0
4152	Combat stone	0	0	0	0
4153	Combat stone	0	0	0	0
4154	Combat stone	0	0	0	0
4155	Combat stone	0	0	0	0
4156	Combat stone	0	0	0	0
4157	Combat stone	0	0	0	0
4158	Combat stone	0	0	0	0
4159	Combat stone	0	0	0	0
4160	Combat stone	0	0	0	0
4161	Combat stone	0	0	0	0
4162	Combat stone	0	0	0	0
4163	Combat stone	0	0	0	0
4164	Combat stone	0	0	0	0
4165	Combat stone	0	0	0	0
4166	Combat stone	0	0	0	0
4167	Combat stone	0	0	0	0
4168	Combat stone	0	0	0	0
4169	Combat stone	0	0	0	0
4170	Combat stone	0	0	0	0
4171	Combat stone	0	0	0	0
4172	Combat stone	0	0	0	0
4173	Combat stone	0	0	0	0
4174	Combat stone	0	0	0	0
4175	Combat stone	0	0	0	0
4176	Combat stone	0	0	0	0
4177	Combat stone	0	0	0	0
4178	Combat stone	0	0	0	0
4179	Combat stone	0	0	0	0
4180	Combat stone	0	0	0	0
4181	Combat stone	0	0	0	0
4182	Combat stone	0	0	0	0
4183	Combat stone	0	0	0	0
4184	Combat stone	0	0	0	0
4185	Combat stone	0	0	0	0
4186	Combat stone	0	0	0	0
4187	Combat stone	0	0	0	0
4188	Combat stone	0	0	0	0
4189	Combat stone	0	0	0	0
4190	Combat stone	0	0	0	0
4191	Combat stone	0	0	0	0
4192	Combat stone	0	0	0	0
4193	Combat stone	0	0	0	0
4194	Combat stone	0	0	0	0
4195	Combat stone	0	0	0	0
4196	Combat stone	0	0	0	0
4197	Combat stone	0	0	0	0
4198	Combat stone	0	0	0	0
4199	Combat stone	0	0	0	0
4200	Combat stone	0	0	0	0
4201	Combat stone	0	0	0	0
4202	Combat stone	0	0	0	0
4203	Combat stone	0	0	0	0
4204	Combat stone	0	0	0	0
4205	Combat stone	0	0	0	0
4206	Combat stone	0	0	0	0
4207	Combat stone	0	0	0	0
4208	Combat stone	0	0	0	0
4209	Combat stone	0	0	0	0
4210	Combat stone	0	0	0	0
4211	Combat stone	0	0	0	0
4212	Combat stone	0	0	0	0
4213	Combat stone	0	0	0	0
4214	Combat stone	0	0	0	0
4215	Combat stone	0	0	0	0
4216	Combat stone	0	0	0	0
4217	Combat stone	0	0	0	0
4218	Combat stone	0	0	0	0
4219	Combat stone	0	0	0	0
4220	Combat stone	0	0	0	0
4221	Combat stone	0	0	0	0
4222	Combat stone	0	0	0	0
4223	Combat stone	0	0	0	0
4224	Combat stone	0	0	0	0
4225	Combat stone	0	0	0	0
4226	Crawling hand	0	0	0	0
4227	Cockatrice	0	0	0	0
4228	Basilisk	0	0	0	0
4229	Kurask	9439	9441	9440	9439
4230	Abyssal demon	1537	0	1538	1537
4231	Left head	0	0	0	0
4232	Middle head	0	0	0	0
4233	Right head	0	0	0	0
4234	Kalphite Queen	0	0	0	0
4235	Rick	0	0	0	0
4236	Maid	0	0	0	0
4238	Cook	0	0	0	0
4239	Cook	0	0	0	0
4240	Butler	0	0	0	0
4242	Demon butler	0	0	0	0
4243	Demon butler	0	0	0	0
4244	Chief servant	0	0	0	0
4245	Chief servant	0	0	0	0
4246	Taxidermist	0	0	0	0
4247	Estate agent	0	0	0	0
4248	Stonemason	0	0	0	0
4249	Sir Renitee	0	0	0	0
4250	Sawmill operator	0	0	0	0
4251	Garden supplier	0	0	0	0
4252	Macaroni Penguin	0	0	0	0
4253	Guard	0	0	0	0
4257	Guard	0	0	0	0
4258	Guard	99	0	102	0
4259	Guard	0	0	0	0
4260	Guard	0	0	0	0
4261	Goblin	6185	6183	6182	6185
4262	Goblin	6185	6183	6182	6185
4263	Goblin	6185	6183	6182	6185
4264	Goblin	6185	6183	6182	6185
4265	Goblin	6185	6183	6182	6185
4266	Goblin	6185	6183	6182	6185
4267	Goblin	6185	6183	6182	6185
4268	Goblin	6185	6183	6182	6185
4269	Goblin	6185	6183	6182	6185
4270	Goblin	6185	6183	6182	6185
4271	Goblin	6185	6183	6182	6185
4272	Goblin	6185	6183	6182	6185
4273	Goblin	6185	6183	6182	6185
4274	Goblin	6185	6183	6182	6185
4275	Goblin	6185	6183	6182	6185
4276	Goblin	6185	6183	6182	6185
4277	Buinn	0	0	0	0
4278	Animated Bronze Armour	386	388	4167	386
4279	Animated Iron Armour	386	388	4167	386
4280	Animated Steel Armour	386	388	4167	386
4281	Animated Black Armour	386	388	4167	386
4282	Animated Mithril Armour	386	388	4167	386
4283	Animated Adamant Armour	386	388	4167	386
4284	Animated Rune Armour	386	388	4167	386
4285	Ghommal	0	0	0	0
4286	Harrallak Menarous	0	0	0	0
4287	Gamfred	0	0	0	0
4288	Ajjat	0	0	0	0
4289	Kamfreena	0	0	0	0
4290	Shanomi	0	0	0	0
4291	Cyclops	4652	4651	4653	0
4292	Cyclops	4652	4651	4653	0
4293	Lidio	0	0	0	0
4294	Lilly	0	0	0	0
4295	Anton	0	0	0	0
4296	Jade	0	0	0	0
4297	Sloane	0	0	0	0
4298	Jimmy	0	0	0	0
4299	Ref	0	0	0	0
4300	Ref	0	0	0	0
4301	Guard	0	0	0	0
4302	Guard	0	0	0	0
4303	Guard	0	0	0	0
4304	Guard	0	0	0	0
4305	Guard	0	0	0	0
4306	Guard	0	0	0	0
4307	Guard	390	0	836	0
4308	Guard	395	425	836	0
4309	Guard	395	425	836	0
4310	Guard	395	425	836	0
4311	Guard	395	425	836	0
4312	Nardok	0	0	0	0
4313	Dartog	0	0	0	0
4315	Dwarf	0	0	0	0
4316	Dwarf	0	0	0	0
4317	H.A.M. Member	0	0	0	0
4318	H.A.M. Member	0	0	0	0
4319	H.A.M. Member	0	0	0	0
4320	H.A.M. Member	0	0	0	0
4321	Zanik	0	0	0	0
4323	Zanik	0	0	0	0
4324	Zanik	0	0	0	0
4325	Light creature	0	0	0	0
4326	Zanik	0	0	0	0
4327	HAM member	0	0	0	0
4328	Sigmund	0	0	0	0
4329	H.A.M. Deacon	0	0	0	0
4330	Johanhus Ulsbrecht	0	0	0	0
4331	Sigmund	0	0	0	0
4332	Sigmund	0	0	0	0
4333	Sigmund	0	0	0	0
4334	Sigmund	0	0	0	0
4335	Sigmund	0	0	0	0
4336	Guard	395	425	836	0
4337	Zanik	0	0	0	0
4338	Zanik	0	0	0	0
4340	Zanik	0	0	0	0
4341	Zanik	0	0	0	0
4342	Zanik	0	0	0	0
4343	Snake	275	276	278	0
4344	Monkey	220	221	223	0
4345	Albino bat	4915	0	4917	0
4346	Crab	0	0	0	0
4347	Giant mosquito	2397	0	2398	0
4348	Jungle horror	4235	4232	4233	0
4349	Jungle horror	4234	4232	4233	0
4350	Jungle horror	4235	4232	4233	0
4351	Jungle horror	4234	4232	4233	0
4352	Jungle horror	4234	4232	4233	0
4353	Cave horror	4234	4232	4233	4234
4354	Cave horror	4234	4232	4233	4234
4355	Cave horror	4234	4232	4233	4234
4356	Cave horror	4234	4232	4233	4234
4357	Cave horror	4234	4232	4233	4234
4358	Cavey Davey	0	0	0	0
4359	Patchy	0	0	0	0
4360	San Fan	0	0	0	0
4361	Fancy Dan	0	0	0	0
4362	Honest Jimmy	0	0	0	0
4363	Monkey	0	0	0	0
4364	Swarm	0	0	0	0
4365	Blue Monkey	0	0	0	0
4371	Blue Monkey	0	0	0	0
4372	Red Monkey	0	0	0	0
4373	Parrot	0	0	0	0
4374	Parrot	0	0	0	0
4375	Security Guard	0	0	0	0
4376	Litara	0	0	0	0
4377	Gate of War	0	0	0	0
4378	Ricketty door	0	0	0	0
4379	Oozing barrier	0	0	0	0
4380	Portal of Death	0	0	0	0
4381	Ankou	422	404	9055	422
4382	Ankou	422	404	9055	422
4383	Ankou	422	404	9055	422
4384	Skeleton	5485	5513	5491	0
4385	Skeleton	5485	0	5491	0
4386	Skeleton	5485	5513	5491	0
4387	Ghost	5540	5541	5542	0
4388	Ghost	5532	0	5534	0
4389	Flesh Crawler	1184	1186	1190	1184
4390	Flesh Crawler	1184	1186	1190	1184
4391	Flesh Crawler	1184	1186	1190	1184
4392	Zombie	5568	5567	5569	5568
4393	Zombie	5578	5579	5580	5578
4394	Zombie	5578	5579	5580	5578
4395	Giant rat	4933	4934	4935	0
4396	Rat	2705	2706	2707	2705
4397	Catablepon	4271	4273	4270	0
4398	Catablepon	4271	4273	4270	0
4399	Catablepon	4271	4273	4270	0
4400	Giant spider	5327	5328	5329	5327
4401	Spider	6249	6250	6251	0
4402	Scorpion	6254	6255	6256	6254
4403	Scorpion	6254	6255	6256	6254
4404	Minotaur	4266	4267	4265	4266
4405	Minotaur	4266	4267	4265	4266
4406	Minotaur	4266	4267	4265	4266
4407	Goblin	6185	6183	6182	6185
4408	Goblin	6185	6183	6182	6185
4409	Goblin	6185	6183	6182	6185
4410	Goblin	6185	6183	6182	6185
4411	Goblin	6185	6183	6182	6185
4412	Goblin	6185	6183	6182	6185
4413	Wolf	6559	6557	6558	6559
4414	Wolf	6559	6557	6558	6559
4415	Rat	2705	2706	2707	2705
4416	Bee keeper	0	0	0	0
4417	Bees!	0	0	0	0
4418	Gorak	4300	4301	4302	0
4419	Cosmic Being	0	0	0	0
4420	Fairy Godfather	0	0	0	0
4434	Fairy Nuff	0	0	0	0
4435	Fairy Queen	0	0	0	0
4437	Fairy Queen	0	0	0	0
4438	Centaur	0	0	0	0
4439	Centaur	0	0	0	0
4440	Stag	6376	0	6377	0
4441	Wood Dryad	0	0	0	0
4442	Fairy Very Wise	0	0	0	0
4443	Fairy	0	0	0	0
4444	Fairy	0	0	0	0
4445	Fairy	0	0	0	0
4446	Fairy	0	0	0	0
4447	Rabbit	0	0	0	0
4448	Rabbit	0	0	0	0
4449	Butterfly	0	0	0	0
4450	Butterfly	0	0	0	0
4451	Starflower	0	0	0	0
4452	Starflower	0	0	0	0
4453	Fairy Fixit	0	0	0	0
4455	Fairy Fixit	0	0	0	0
4456	Ork	0	0	0	0
4457	Ork	0	0	0	0
4458	Ork	0	0	0	0
4459	Ork	0	0	0	0
4460	Fake Man	0	0	0	0
4461	Held vampyre juvinate	0	0	0	0
4462	Held vampyre juvinate	0	0	0	0
4463	Angry juvinate	0	0	0	0
4464	Angry juvinate	0	0	0	0
4465	Angry juvinate	0	0	0	0
4466	Benjamin	0	0	0	0
4467	Liam	0	0	0	0
4468	Miala	0	0	0	0
4469	Verak	0	0	0	0
4470	Tree spirit	94	0	97	0
4471	Bogrog	0	0	0	0
4473	Woman	0	0	0	0
4474	Magic dummy	94	0	97	0
4475	Ned	0	0	0	0
4476	Guardian mummy	0	0	0	0
4477	Annoyed guardian mummy	0	0	0	0
4478	Tarik	0	0	0	0
4479	Goblin	6185	6183	6182	6185
4480	Goblin	6185	6183	6182	6185
4481	Goblin	6185	6183	6182	6185
4482	Goblin	6185	6183	6182	6185
4483	Goblin	6185	6183	6182	6185
4484	Goblin	6185	6183	6182	6185
4485	Goblin	6185	6183	6182	6185
4486	Goblin	6185	6183	6182	6185
4487	Goblin	6185	6183	6182	6185
4488	Goblin	6185	6183	6182	6185
4489	Goblin	6185	6183	6182	6185
4490	Goblin	6185	6183	6182	6185
4491	Goblin	6185	6183	6182	6185
4492	Goblin	6185	6183	6182	6185
4493	General Bentnoze	0	0	0	0
4494	General Wartface	0	0	0	0
4495	Grubfoot	0	0	0	0
4497	Grubfoot	0	0	0	0
4498	Grubfoot	0	0	0	0
4499	Goblin	6185	6183	6182	6185
4500	Scarab swarm	0	0	0	0
4501	Ethereal Man	0	0	0	0
4502	Ethereal Lady	0	0	0	0
4503	Ethereal Numerator	0	0	0	0
4504	Ethereal Expert	0	0	0	0
4505	Ethereal Perceptive	0	0	0	0
4506	Ethereal Guide	0	0	0	0
4507	Ethereal Fluke	0	0	0	0
4508	Ethereal Mimic	0	0	0	0
4509	Me	414	0	836	0
4510	Me	414	0	836	0
4511	Oneiromancer	0	0	0	0
4512	House	0	0	0	0
4513	Baba Yaga	0	0	0	0
4514	Pauline Polaris	0	0	0	0
4515	Meteora	0	0	0	0
4516	Melana Moonlander	0	0	0	0
4517	Selene	0	0	0	0
4518	Rimae Sirsalis	0	0	0	0
4519	Sirsal Banker	0	0	0	0
4520	Clan Guard	0	0	0	0
4521	Enchanted Broom	0	0	0	0
4522	Enchanted Broom	0	0	0	0
4523	Enchanted Broom	0	0	0	0
4524	Enchanted Bucket	0	0	0	0
4525	Enchanted Bucket	0	0	0	0
4526	Bouquet Mac Hyacinth	0	0	0	0
4527	Suqah	4388	4384	4389	0
4528	Suqah	4388	4384	4389	0
4529	Suqah	4388	4384	4389	0
4530	Suqah	4388	4385	4389	0
4531	Suqah	4388	4385	4389	0
4532	Suqah	4388	4384	4389	0
4533	Suqah	4388	4384	4389	0
4534	Moss giant	4666	4665	4668	4666
4535	Parrot	0	0	0	0
4536	Lokar Searunner	0	0	0	0
4537	Lokar Searunner	0	0	0	0
4538	Cabin boy	0	0	0	0
4539	Cabin boy	0	0	0	0
4540	Captain Bentley	0	0	0	0
4541	'Beefy' Burns	0	0	0	0
4542	'Eagle-eye' Shultz	0	0	0	0
4543	First mate 'Davey-boy	0	0	0	0
4544	'Bird's-Eye' Jack	0	0	0	0
4545	'Picarron' Pete	0	0	0	0
4546	Jake	422	425	836	0
4547	Bedread the bold	0	0	0	0
4548	Wilson	395	425	836	0
4549	Tommy 2-times	0	0	0	0
4550	Murky Pat	0	0	0	0
4551	Jack Sails	0	0	0	0
4552	Palmer	0	0	0	0
4553	'Betty' B.Boppin	0	0	0	0
4554	'Beedy-eye' Jones	0	0	0	0
4555	Jenny Blade	0	0	0	0
4556	'Lecherous' Lee	0	0	0	0
4557	'Sticky' Sanders	0	0	0	0
4558	Hirko	0	0	0	0
4559	Holoy	0	0	0	0
4560	Frizzy Skernip	0	0	0	0
4561	Yulf Squecks	0	0	0	0
4562	Praistan Ebola	0	0	0	0
4563	Hura	0	0	0	0
4564	Digsite workman	0	0	0	0
4565	Digsite workman	0	0	0	0
4566	Examiner	0	0	0	0
4567	Examiner	0	0	0	0
4568	Researcher	0	0	0	0
4569	Nick	0	0	0	0
4570	Crow	0	0	0	0
4571	Crow	0	0	0	0
4572	Gianne jnr.	0	0	0	0
4573	Timble	0	0	0	0
4574	Tamble	0	0	0	0
4575	Spang	0	0	0	0
4576	Brambickle	0	0	0	0
4577	Wingstone	0	0	0	0
4578	Penwie	0	0	0	0
4579	Generic Diplomat	0	0	0	0
4580	Ambassador Gimblewap	0	0	0	0
4581	Ambassador Spanfipple	0	0	0	0
4582	Ambassador Ferrnook	0	0	0	0
4583	Professor Manglethorp	0	0	0	0
4584	Damwin	0	0	0	0
4585	Professor Onglewip	0	0	0	0
4586	Professor Imblewyn	0	0	0	0
4587	Perrdur	0	0	0	0
4588	Dalila	0	0	0	0
4589	Sorrn	0	0	0	0
4590	Mimm	0	0	0	0
4591	Eebel	0	0	0	0
4592	Ermin	0	0	0	0
4593	Portobello	0	0	0	0
4594	Captain Ninto	0	0	0	0
4595	Captain Daerkin	0	0	0	0
4596	Captain Lamdoo	0	0	0	0
4597	Meegle	0	0	0	0
4598	Wurbel	0	0	0	0
4599	Sarble	0	0	0	0
4600	Guard Vemmeldo	0	0	0	0
4601	Burkor	0	0	0	0
4602	Froono	0	0	0	0
4603	Fortress Guard	390	0	836	0
4604	Fortress Guard	428	0	836	0
4605	Fortress Guard	428	0	836	0
4606	Fortress Guard	390	0	836	0
4607	Black Cat	0	0	0	0
4608	Monk	0	0	0	0
4609	Brimstail	0	0	0	0
4611	Saboteur	0	0	0	0
4612	Gnome shop keeper	0	0	0	0
4613	Cute creature	0	0	0	0
4615	Evil creature	0	0	0	0
4616	Cute creature	0	0	0	0
4618	Evil creature	0	0	0	0
4619	Cute creature	0	0	0	0
4621	Evil creature	0	0	0	0
4622	Cute creature	0	0	0	0
4624	Evil creature	0	0	0	0
4625	Cute creature	0	0	0	0
4627	Evil creature	0	0	0	0
4628	Cute creature	0	0	0	0
4630	Evil creature	0	0	0	0
4631	fluffie	0	0	0	0
4632	fluffie	0	0	0	0
4633	Goblin	0	0	0	0
4634	Goblin	0	0	0	0
4635	Goblin	0	0	0	0
4636	Goblin	0	0	0	0
4637	Goblin	0	0	0	0
4638	Gnome soldier	0	0	0	0
4639	Gnome soldier	0	0	0	0
4640	Gnome soldier	0	0	0	0
4641	Gnome soldier	0	0	0	0
4642	Gnome soldier	0	0	0	0
4643	Healthorg and tortoise	0	0	0	0
4644	Oaknock the Engineer	0	0	0	0
4645	Glouphrie the Untrusted	0	0	0	0
4646	King Healthorg	0	0	0	0
4647	Hazelmere	0	0	0	0
4648	Nisha	0	0	0	0
4649	Tyras guard	0	0	0	0
4650	Trader Stan	0	0	0	0
4651	Trader Crewmember	0	0	0	0
4652	Trader Crewmember	0	0	0	0
4653	Trader Crewmember	0	0	0	0
4654	Trader Crewmember	0	0	0	0
4655	Trader Crewmember	0	0	0	0
4656	Trader Crewmember	0	0	0	0
4657	Sir Prysin	0	0	0	0
4658	Dark wizard	0	0	0	0
4659	Dark wizard	810	425	836	0
4660	Dark wizard	810	425	836	0
4661	Dark wizard	0	404	9055	0
4662	Denath	0	0	0	0
4663	Denath	0	0	0	0
4664	Wally	0	0	0	0
4665	Baby blue dragon	25	26	28	25
4666	Baby blue dragon	25	26	28	0
4667	Baby red dragon	0	0	0	0
4668	Baby red dragon	0	0	0	0
4669	Red dragon	80	89	92	80
4670	Red dragon	80	89	92	80
4671	Red dragon	80	89	92	80
4672	Red dragon	80	89	92	80
4673	Black dragon	80	89	92	80
4674	Black dragon	80	89	92	80
4675	Black dragon	80	89	92	80
4676	Black dragon	80	89	92	80
4677	Green dragon	80	89	92	80
4678	Green dragon	80	89	92	80
4679	Green dragon	80	89	92	80
4680	Green dragon	80	89	92	80
4681	Blue dragon	80	89	92	80
4682	Blue dragon	80	89	92	80
4683	Blue dragon	80	89	92	80
4684	Blue dragon	80	89	92	80
4685	Ice giant	4672	0	4673	0
4686	Ice giant	4672	0	4673	0
4687	Ice giant	4672	0	4673	0
4688	Moss giant	4666	4665	4668	4666
4689	Hill Giant	4652	4651	4653	4652
4690	Hill Giant	4652	4651	4653	4652
4691	Hill Giant	4652	4651	4653	4652
4692	Hill Giant	4652	4651	4653	4652
4693	Hill Giant	4652	4651	4653	4652
4694	Lesser demon	4630	65	67	4630
4695	Lesser demon	4630	65	67	4630
4696	Lesser demon	4630	65	67	4630
4697	Lesser demon	4630	65	67	4630
4698	Greater demon	64	65	68	64
4699	Greater demon	64	65	68	64
4700	Greater demon	64	65	68	64
4701	Greater demon	64	65	68	64
4702	Black demon	64	65	67	64
4703	Black demon	64	65	67	64
4704	Black demon	64	65	67	64
4705	Black demon	64	65	67	64
4706	Moss giant	4666	4665	4668	4666
4707	Magic Tutor	0	0	0	0
4708	Old Man Ral	0	0	0	0
4709	Vertida Sefalatis	0	0	0	0
4710	Aeonisig Raispher	0	0	0	0
4711	Safalaan	0	0	0	0
4714	Sarius Guile	0	0	0	0
4716	Trader Sven	0	0	0	0
4717	Meiyerditch citizen	0	0	0	0
4718	Meiyerditch citizen	0	0	0	0
4719	Meiyerditch citizen	0	0	0	0
4720	Meiyerditch citizen	0	0	0	0
4721	Meiyerditch citizen	0	0	0	0
4722	Meiyerditch citizen	0	0	0	0
4723	Meiyerditch citizen	0	0	0	0
4724	Meiyerditch citizen	0	0	0	0
4725	Meiyerditch citizen	0	0	0	0
4726	Meiyerditch citizen	0	0	0	0
4727	Meiyerditch citizen	0	0	0	0
4728	Meiyerditch citizen	0	0	0	0
4729	Meiyerditch citizen	0	0	0	0
4730	Meiyerditch citizen	0	0	0	0
4731	Meiyerditch citizen	0	0	0	0
4732	Meiyerditch citizen	0	0	0	0
4733	Meiyerditch citizen	0	0	0	0
4734	Meiyerditch citizen	0	0	0	0
4735	Meiyerditch citizen	0	0	0	0
4736	Meiyerditch citizen	0	0	0	0
4737	Meiyerditch citizen	0	0	0	0
4738	Meiyerditch citizen	0	0	0	0
4739	Meiyerditch citizen	0	0	0	0
4740	Meiyerditch citizen	0	0	0	0
4741	Meiyerditch citizen	0	0	0	0
4742	Meiyerditch citizen	0	0	0	0
4743	Meiyerditch citizen	0	0	0	0
4744	Meiyerditch citizen	0	0	0	0
4745	Meiyerditch citizen	0	0	0	0
4746	A Meiyerditch child	0	0	0	0
4747	A Meiyerditch child	0	0	0	0
4748	A Meiyerditch child	0	0	0	0
4749	A Meiyerditch child	0	0	0	0
4750	A Meiyerditch child	0	0	0	0
4751	A Meiyerditch child	0	0	0	0
4752	A Meiyerditch child	0	0	0	0
4753	A Meiyerditch child	0	0	0	0
4754	A Meiyerditch child	0	0	0	0
4755	A Meiyerditch child	0	0	0	0
4756	Meiyerditch miner	0	0	0	0
4757	Meiyerditch miner	0	0	0	0
4758	Meiyerditch miner	0	0	0	0
4759	Meiyerditch miner	0	0	0	0
4760	Meiyerditch miner	0	0	0	0
4761	Meiyerditch miner	0	0	0	0
4762	Shadowy figure	0	0	0	0
4763	Shadowy figure	0	0	0	0
4764	Shadowy figure	0	0	0	0
4765	null	0	0	0	0
4766	Stray dog	0	0	0	0
4767	Stray dog	0	0	0	0
4768	Cat	0	0	0	0
4769	Cat	0	0	0	0
4770	Boat	0	0	0	0
4771	Boat	0	0	0	0
4772	Juvinate guard	0	0	0	0
4773	Juvinate guard	0	0	0	0
4774	Vampyre juvenile	6276	0	6781	0
4775	Vampyre juvenile	6276	0	6781	0
4776	Vampyre juvinate	5783	0	5798	0
4777	Vampyre juvinate	5783	0	5798	0
4778	Held vampyre juvenile	0	0	6781	0
4779	Held vampyre juvenile	0	0	6781	0
4780	Held vampyre juvinate	0	0	5798	0
4781	Held vampyre juvinate	0	0	0	0
4782	Vampyre juvinate	0	0	0	0
4783	Former vampyre	0	0	0	0
4784	Former vampyre	0	0	0	0
4785	Former vampyre	0	0	0	0
4786	Former vampyre	0	0	0	0
4787	Former vampyre	0	0	0	0
4788	Former vampyre	0	0	0	0
4789	Angry vampyre	6016	0	6031	0
4790	Angry vampyre	0	0	0	0
4791	Vanstrom Klause	0	0	0	0
4792	Vanstrom Klause	0	0	0	0
4793	Vanstrom Klause	0	0	0	0
4794	Vanstrom Klause	0	0	0	0
4795	Vanstrom Klause	0	0	0	0
4796	Vanstrom Klause	0	0	0	0
4797	Vanescula Drakan	0	0	0	0
4798	Vanescula Drakan	0	0	0	0
4799	Vanescula Drakan	0	0	0	0
4800	Vanescula Drakan	0	0	0	0
4801	Ranis Drakan	0	0	0	0
4802	Ranis Drakan	0	0	0	0
4803	Ranis Drakan	0	0	0	0
4804	Ranis Drakan	0	0	0	0
4805	Vyrewatch	7435	0	0	0
4806	Vyrewatch	7435	0	0	0
4807	Vyrewatch	7435	0	0	0
4808	Vyrewatch	7435	0	0	0
4809	Flying female vampire	0	0	0	0
4810	Flying female vampire	7435	0	7524	0
4811	Flying female vampire	7435	0	7524	0
4812	Flying female vampire	7435	0	7524	0
4813	Vyrewatch	6783	0	6861	0
4814	Vyrewatch	6783	0	6861	0
4815	Vyrewatch	6783	0	6861	0
4816	Vyrewatch	6783	0	6861	0
4817	Vyrewatch	7435	0	0	0
4818	Vyrewatch	7435	0	0	0
4819	Vyrewatch	7435	0	0	0
4820	Vyrewatch	7435	0	0	0
4821	Vyrewatch	7435	0	7524	0
4822	Vyrewatch	7435	0	7524	0
4823	Vyrewatch	7435	0	7524	0
4824	Vyrewatch	7435	0	7524	0
4825	Vyrewatch	6783	0	6861	0
4826	Vyrewatch	6783	0	6861	0
4827	Vyrewatch	6783	0	6861	0
4828	Vyrewatch	6783	0	6861	0
4829	Vyrewatch	0	0	0	0
4830	Vyrewatch	0	0	0	0
4831	Vyrewatch	0	0	0	0
4832	Vyrewatch	0	0	0	0
4833	Vyrewatch	0	0	0	0
4834	Vyrewatch	0	0	0	0
4835	Vyrewatch	0	0	0	0
4836	Vyrewatch	0	0	0	0
4837	Vyrewatch	0	0	0	0
4838	Vyrewatch	0	0	0	0
4839	Vyrewatch	0	0	0	0
4840	Vyrewatch	0	0	0	0
4841	Vyrewatch	0	0	0	0
4842	Vyrewatch	0	0	0	0
4843	Vyrewatch	0	0	0	0
4844	Vyrewatch	0	0	0	0
4845	Flying female vampire	7435	0	7524	0
4846	Flying female vampire	0	0	0	0
4847	Flying female vampire	0	0	0	0
4848	Flying female vampire	0	0	0	0
4849	Vyrewatch	0	0	0	0
4850	Vyrewatch	0	0	0	0
4851	Vyrewatch	0	0	0	0
4852	Vyrewatch	0	0	0	0
4853	Ezekial Lovecraft	0	0	0	0
4856	Ezekial Lovecraft	0	0	0	0
4857	Sarius Guile	0	0	0	0
4862	Vanstrom Klause	0	0	0	0
4863	Kennith	0	0	0	0
4864	Kennith	0	0	0	0
4865	Holgart	0	0	0	0
4867	Holgart	0	0	0	0
4868	Holgart	0	0	0	0
4869	Fisherman	0	0	0	0
4870	Fisherman	0	0	0	0
4871	Col. O'Niall	0	0	0	0
4872	Col. O'Niall	0	0	0	0
4873	Col. O'Niall	0	0	0	0
4874	Mayor Hobb	0	0	0	0
4875	Mayor Hobb	0	0	0	0
4876	Brother Maledict	0	0	0	0
4878	Brother Maledict	0	0	0	0
4879	Brother Maledict	0	0	0	0
4880	Witchaven villager	0	0	0	0
4883	Witchaven villager	0	0	0	0
4884	Witchaven villager	0	0	0	0
4885	Witchaven villager	0	0	0	0
4886	Witchaven villager	0	0	0	0
4887	Witchaven villager	0	0	0	0
4888	Witchaven villager	0	0	0	0
4889	Mother Mallum	0	0	0	0
4890	Slug Prince	4829	0	4830	0
4891	Giant lobster	0	0	0	0
4893	Giant Lobster	6265	0	6267	0
4894	Sea slug	0	0	0	0
4895	Jeb	0	0	0	0
4896	Jeb	0	0	0	0
4897	Sir Tinley	0	0	0	0
4898	Hobgoblin	164	163	167	0
4899	Cooking Tutor	0	0	0	0
4900	Crafting Tutor	0	0	0	0
4901	Fishing Tutor	0	0	0	0
4902	Mining Tutor	0	0	0	0
4903	Prayer Tutor	0	0	0	0
4904	Smelting Tutor	0	0	0	0
4905	Smithing Tutor	0	0	0	0
4906	Woodcutting Tutor	0	0	0	0
4907	Bank Tutor	0	0	0	0
4908	Fishing spot	0	0	0	0
4909	Fritz the Glassblower	0	0	0	0
4910	Earth elemental	4868	4869	4870	0
4911	Elemental rock	0	0	0	0
4912	Jig cart	0	0	0	0
4914	Jig cart	0	0	0	0
4915	Jig cart	0	0	0	0
4916	Jig cart	0	0	0	0
4917	Jig cart	0	0	0	0
4918	Jig cart	0	0	0	0
4919	Abidor Crank	0	0	0	0
4920	Giant crypt rat	4933	4934	4935	4933
4921	Giant crypt rat	4933	4934	4935	4933
4922	Giant rat	4933	4934	4935	0
4923	Giant rat	4933	4934	4935	0
4924	Giant rat	4933	4934	4935	0
4925	Giant rat	4933	4934	4935	0
4926	Giant rat	4933	4934	4935	0
4927	Giant rat	4933	4934	4935	0
4928	Dungeon rat	0	4934	4935	0
4929	Dungeon rat	0	4934	4935	0
4930	Goat	5341	0	5343	0
4931	Goat	5341	0	5343	0
4932	Billy Goat	5341	0	5343	0
4933	Goat	5341	5342	5343	0
4934	Goat	5341	5342	5343	0
4935	Billy Goat	5341	5342	5343	0
4936	Dungeon rat	4933	0	4935	0
4937	Dungeon rat	4933	0	4935	0
4938	Angry giant rat	0	0	0	0
4939	Angry giant rat	0	0	0	0
4940	Angry giant rat	4933	0	4935	0
4941	Blessed giant rat	0	0	0	0
4942	Giant rat	4933	4934	4935	0
4943	Giant rat	4933	4934	4935	0
4944	Giant rat	4933	4934	4935	0
4945	Giant rat	4933	4934	4935	0
4946	Ignatius Vulcan	0	0	0	0
4947	My Arm	0	0	0	0
4948	My Arm	0	0	0	0
4949	My Arm	0	0	0	0
4950	My Arm	0	0	0	0
4958	My Arm	0	0	0	0
4959	My Arm	0	0	0	0
4960	Adventurer	0	0	0	0
4961	Captain Barnaby	0	0	0	0
4962	Captain Barnaby	0	0	0	0
4963	Murcaily	0	0	0	0
4964	Jagbakoba	0	0	0	0
4965	Tool Leprechaun	0	0	0	0
4966	Flies	0	0	0	0
4968	Unnamed troll child	0	0	0	0
4969	Drunken dwarf's leg	0	0	0	0
4970	Baby Roc	0	0	0	0
4971	Baby Roc	5031	0	5033	0
4972	Giant Roc	5024	0	5027	5025
4973	Shadow	0	0	0	0
4974	Captain Barnaby	0	0	0	0
4975	Male slave	0	0	0	0
4976	Male slave	0	0	0	0
4977	Female slave	0	0	0	0
4978	Female slave	0	0	0	0
4979	Cart Camel	0	0	0	0
4980	Mine Cart	0	0	0	0
4981	Mine Cart	0	0	0	0
4982	Ana	0	0	0	0
4983	Mercenary	0	0	0	0
4984	Irena	0	0	0	0
4989	Mercenary	390	0	836	0
4990	Mercenary	390	0	836	0
4991	Mercenary	390	0	836	0
4992	Mercenary	390	0	836	0
4993	Guard	390	0	836	0
4994	Guard	390	0	836	0
4995	Guard	390	0	836	0
4996	Guard	390	0	836	0
4997	Guard	390	0	836	0
4998	Guard	390	0	836	0
4999	Guard	0	0	0	0
5000	Guard	0	0	0	0
5001	Guard	0	0	0	0
5002	Guard	0	0	0	0
5003	Gublinch	0	0	0	0
5018	Gublinch	0	0	0	0
5019	Gublinch	0	0	0	0
5020	Jack	0	0	0	0
5024	Jill	0	0	0	0
5025	Jeff	0	0	0	0
5026	Egg launcher	0	0	0	0
5027	Egg launcher	0	0	0	0
5028	Egg launcher	0	0	0	0
5029	Commander Connad	0	0	0	0
5030	Captain Cain	0	0	0	0
5031	Private Paldo	0	0	0	0
5032	Private Pendron	0	0	0	0
5033	Private Pierreb	0	0	0	0
5034	Private Paldon	0	0	0	0
5035	Major Attack	0	0	0	0
5036	Major Collect	0	0	0	0
5037	Major Defend	0	0	0	0
5038	Major Heal	0	0	0	0
5039	Sergeant Sambur	0	0	0	0
5040	Penance Fighter	0	0	0	0
5041	Penance Ranger	0	0	0	0
5042	Penance Runner	0	0	0	0
5043	Penance Healer	0	0	0	0
5044	Penance Fighter	0	0	0	0
5045	Penance Fighter	0	0	0	0
5046	Jack	0	0	0	0
5047	Jill	0	0	0	0
5048	Jeff	401	0	836	0
5049	Auguste	0	0	0	0
5050	Auguste	0	0	0	0
5051	Auguste	0	0	0	0
5052	Auguste	0	0	0	0
5053	Assistant Serf	0	0	0	0
5054	Assistant Brock	0	0	0	0
5055	Assistant Marrow	0	0	0	0
5056	Assistant Le Smith	0	0	0	0
5057	Assistant Stan	0	0	0	0
5058	Bob	0	0	0	0
5059	Curly	0	0	0	0
5060	Moe	0	0	0	0
5061	Larry	0	0	0	0
5062	Shark	0	0	0	0
5067	Shark	0	0	0	0
5068	Shark	0	0	0	0
5069	Shark	0	0	0	0
5070	Tropical wagtail	0	0	0	0
5072	Tropical wagtail	0	0	0	0
5073	Crimson swift	0	0	0	0
5074	Cerulean twitch	0	0	0	0
5075	Golden warbler	0	0	0	0
5076	Copper longtail	0	0	0	0
5077	Chinchompa	0	0	0	0
5079	Chinchompa	0	0	5183	0
5080	Carnivorous chinchompa	0	0	5183	0
5081	Ferret	0	0	0	0
5082	Black warlock	0	0	0	0
5083	Snowy knight	0	0	0	0
5084	Sapphire glacialis	0	0	0	0
5085	Ruby harvest	0	0	0	0
5086	Prickly kebbit	0	0	0	0
5087	Sabre-toothed kebbit	0	0	0	0
5088	Barb-tailed kebbit	0	0	0	0
5089	Wild kebbit	0	0	0	0
5090	Matthias	0	0	0	0
5093	Matthias	0	0	0	0
5094	Gyr Falcon	0	0	0	0
5095	Gyr Falcon	0	0	0	0
5096	Gyr Falcon	0	0	0	0
5097	Gyr Falcon	395	0	836	0
5098	Spotted kebbit	0	0	0	0
5099	Dark kebbit	0	0	0	0
5100	Dashing kebbit	0	0	0	0
5101	Sabre-toothed kyatt	0	0	0	0
5103	Sabre-toothed kyatt	5228	404	5234	5228
5104	Spined larupia	5228	404	5234	5228
5105	Horned graahk	5228	404	5234	5228
5106	null	5228	404	9055	5228
5110	Aleck	0	0	0	0
5111	Leon	0	0	0	0
5112	Hunting expert	0	0	0	0
5113	Hunting expert	0	0	0	0
5114	Orange salamander	0	0	0	0
5115	Red salamander	0	0	0	0
5116	Black salamander	0	0	0	0
5117	Swamp lizard	0	0	0	0
5118	Eagle	0	0	0	0
5120	Eagle	0	0	0	0
5121	Eagle	0	0	0	0
5122	Eagle	0	0	0	0
5123	Eagle	0	0	0	0
5124	Nickolaus	0	0	0	0
5127	Nickolaus	0	0	0	0
5128	Nickolaus	0	0	0	0
5129	Nickolaus	0	0	0	0
5130	Desert eagle	0	0	0	0
5131	Jungle eagle	0	0	0	0
5132	Polar eagle	0	0	0	0
5133	Eagle	0	0	0	0
5134	Kebbit	0	0	0	0
5137	Kebbit	5304	5305	0	0
5138	Charlie	0	0	0	0
5139	Boulder	0	0	0	0
5140	Boulder	0	0	0	0
5141	Uri	0	0	0	0
5142	Uri	0	0	0	0
5143	Uri	0	0	0	0
5144	Double agent	422	0	836	0
5145	Double agent	422	425	836	0
5146	Li'l lamb	0	0	0	0
5147	Lamb	0	0	0	0
5148	Sheep	0	0	0	0
5149	Sheep	0	0	0	0
5150	Sheep	0	0	0	0
5151	Sheep	0	0	0	0
5152	Sheep	0	0	0	0
5153	Sheep	0	0	0	0
5154	Sheep	0	0	0	0
5155	Sheep	0	0	0	0
5156	Sheep	0	0	0	0
5157	Sheep	0	0	0	0
5158	Sheep	0	0	0	0
5159	Sheep	0	0	0	0
5160	Sheep	0	0	0	0
5161	Sheep	0	0	0	0
5162	Sheep	0	0	0	0
5163	Sheep	0	0	0	0
5164	Sheep	0	0	0	0
5165	Sheep	0	0	0	0
5166	Mountain Goat	0	0	0	0
5167	Mountain Goat	0	0	0	0
5168	Ram	5338	5337	5336	0
5169	Ram	5338	5337	5336	0
5170	Ram	5338	5337	5336	0
5171	Mountain goat	0	0	0	0
5172	Golden sheep	0	0	0	0
5173	Golden sheep	0	0	0	0
5174	Ogre chieftain	0	0	0	0
5175	Ogre shaman	0	0	0	0
5176	Ogre shaman	0	0	0	0
5177	Ogre shaman	0	0	0	0
5178	Blue dragon	80	89	92	80
5179	Elkoy	0	0	0	0
5180	Ogre shaman	0	0	0	0
5181	Ogre shaman	0	0	0	0
5182	Elkoy	0	0	0	0
5183	Ogre shaman	0	0	0	0
5184	Ogre shaman	0	0	0	0
5185	Biggleswade	0	0	0	0
5186	Ogre shaman	0	0	0	0
5187	Ogre shaman	0	0	0	0
5188	Saff Waldon	8946	0	8948	0
5189	Ogre shaman	0	0	0	0
5190	Ogre shaman	0	0	0	0
5191	Blaze Sharpeye	0	0	0	0
5192	Ogre shaman	0	0	0	0
5193	Ogre shaman	0	0	0	0
5194	Blaze Sharpeye	0	0	0	0
5195	Wizard	0	0	0	0
5196	Wizard	0	0	0	0
5197	Wizard	0	0	0	0
5198	Ava	0	0	0	0
5199	Witch	0	0	0	0
5200	Witch	0	0	0	0
5201	Alice's husband	0	0	0	0
5203	Alice's husband	0	0	0	0
5204	Alice's husband	7041	0	836	0
5205	Alice's husband	0	0	0	0
5206	Tree	0	0	0	0
5208	Undead tree	0	0	0	0
5209	 Sneaky undead fowl	0	0	0	0
5210	Cow1337killr	0	0	0	0
5211	Undead cow	5849	5850	5851	5849
5212	Alice	0	0	0	0
5213	Penance Fighter	0	0	0	0
5214	Penance Fighter	0	0	0	0
5215	Penance Fighter	0	0	0	0
5216	Penance Fighter	0	0	0	0
5217	Penance Fighter	0	0	0	0
5218	Penance Fighter	0	0	0	0
5219	Penance Fighter	0	0	0	0
5220	Penance Runner	0	0	0	0
5221	Penance Runner	0	0	0	0
5222	Penance Runner	0	0	0	0
5223	Penance Runner	0	0	0	0
5224	Penance Runner	0	0	0	0
5225	Penance Runner	0	0	0	0
5226	Penance Runner	0	0	0	0
5227	Penance Runner	0	0	0	0
5228	Penance Runner	0	0	0	0
5229	Penance Ranger	5395	5396	5937	0
5230	Penance Ranger	0	0	0	0
5231	Penance Ranger	0	0	0	0
5232	Penance Ranger	0	0	0	0
5233	Penance Ranger	0	0	0	0
5234	Penance Ranger	0	0	0	0
5235	Penance Ranger	0	0	0	0
5236	Penance Ranger	0	0	0	0
5237	Penance Ranger	5395	5396	5937	0
5238	Penance Healer	0	0	0	0
5239	Penance Healer	0	0	0	0
5240	Penance Healer	0	0	0	0
5241	Penance Healer	0	0	0	0
5242	Penance Healer	0	0	0	0
5243	Penance Healer	0	0	0	0
5244	Penance Healer	0	0	0	0
5245	Penance Healer	0	0	0	0
5246	Penance Healer	0	0	0	0
5247	Penance Queen	5411	0	5412	0
5248	Queen spawn	5092	0	5093	0
5249	Captain Errdo	0	0	0	0
5250	Scarab mage	7615	0	7616	0
5251	Locust rider	7584	0	7581	0
5252	Locust rider	5451	0	7581	5451
5253	Giant scarab	5457	0	5456	0
5254	Scarab mage	7615	7617	7616	0
5255	Locust rider	0	0	0	0
5256	Locust rider	0	0	0	0
5257	Banker	0	0	0	0
5258	Banker	0	0	0	0
5259	Banker	0	0	0	0
5260	Banker	0	0	0	0
5261	Stonemason	0	0	0	0
5263	Nathifa	0	0	0	0
5265	Urbi	0	0	0	0
5267	Jamila	0	0	0	0
5269	Sophanem guard	0	0	0	0
5270	Sophanem guard	0	0	0	0
5271	Sophanem guard	0	0	0	0
5273	Sophanem guard	0	0	0	0
5274	Sophanem guard	0	0	0	0
5275	Sophanem guard	0	0	0	0
5277	Menaphite guard	0	0	0	0
5278	Coenus	0	0	0	0
5279	Jex	0	0	0	0
5280	Maisa	0	0	0	0
5282	Osman	0	0	0	0
5285	Osman	426	0	836	426
5286	Osman	0	0	0	0
5287	Osman	0	0	0	0
5288	Embalmer	0	0	0	0
5289	Carpenter	0	0	0	0
5290	Linen worker	0	0	0	0
5291	Priest	0	0	0	0
5292	Giant scarab	0	0	0	0
5293	Zombie	5568	5567	5569	0
5294	Zombie	5568	5567	5569	0
5295	Zombie	5568	5567	5569	0
5296	Zombie	5568	5567	5569	0
5297	Zombie	5568	5567	5569	0
5298	Zombie	5568	5567	5569	0
5299	Zombie	5568	5567	5569	0
5300	Zombie	5568	5567	5569	0
5301	Zombie	5568	5567	5569	0
5302	Zombie	5568	5567	5569	0
5303	Zombie	5568	5567	5569	0
5304	Zombie	5568	5567	5569	0
5305	Zombie	5568	5567	5569	5568
5306	Zombie	5568	5567	5569	0
5307	Zombie	5568	5567	5569	5568
5308	Zombie	5568	5567	5569	0
5309	Zombie	5571	5574	5575	5571
5310	Zombie	5568	5567	5569	0
5311	Zombie	5568	5567	5569	0
5312	Zombie	5568	5567	5569	0
5313	Zombie	5568	5567	5569	0
5314	Zombie	5568	5567	5569	0
5315	Zombie	5568	5567	5569	0
5316	Zombie	5568	5567	5569	0
5317	Zombie	5568	5567	5569	0
5318	Zombie	5568	5567	5569	0
5319	Zombie	5571	5574	5575	5571
5320	Zombie	5571	5574	5575	5571
5321	Zombie	5571	5574	5575	5571
5322	Zombie	5571	5574	5575	5571
5323	Zombie	5568	5567	5569	0
5324	Zombie	5568	5567	5569	0
5325	Zombie	5568	5567	5569	0
5326	Zombie	5568	5567	5569	0
5327	Zombie	5568	5567	5569	0
5328	Zombie	5568	5567	5569	0
5329	Zombie	5568	5567	5569	0
5330	Zombie	5568	5567	5569	0
5331	Zombie	5568	5567	5569	0
5332	Skeleton	5485	5513	5491	0
5333	Skeleton	5485	5513	5491	0
5334	Skeleton	5485	5513	5491	0
5335	Skeleton	5485	5489	5491	5485
5336	Skeleton	5485	5489	5491	5485
5337	Skeleton	5485	5489	5491	5485
5338	Skeleton	5485	5489	5491	5485
5339	Skeleton	5485	5489	5491	5485
5340	Skeleton	5485	5489	5491	5485
5341	Skeleton	5499	0	5503	0
5342	Ghost	5532	0	5534	0
5343	Ghost	5532	5533	5534	0
5344	Ghost	5532	0	5534	0
5345	Ghost	5532	0	5534	0
5346	Ghost	5532	5533	5534	0
5347	Ghost	5532	0	5534	0
5348	Ghost	5532	0	5534	0
5349	Ghost	5532	5533	5534	0
5350	Ghost	5532	5533	5534	0
5351	Ghost	5532	5533	5534	0
5352	Ghost	5532	5533	5534	0
5353	Undead one	5485	0	5491	0
5354	Undead one	5487	0	5491	0
5355	Undead one	5568	0	5569	0
5356	Undead one	5568	0	5569	0
5357	Undead one	5571	0	5575	0
5358	Undead one	5571	0	5575	0
5359	Giant skeleton	5499	0	5503	0
5360	Mummy ashes	0	0	0	0
5361	Waterfiend	299	301	300	299
5362	Brutal green dragon	91	89	92	91
5363	Mithril dragon	91	89	92	91
5364	Confused barbarian	0	0	0	0
5365	Skeleton	5485	0	5491	0
5366	Skeleton	5485	5513	5491	0
5367	Skeleton	5485	5513	5491	0
5368	Skeleton	0	5513	5491	0
5369	Ghost	5532	5533	5534	0
5370	Ghost	5532	5533	5534	0
5371	Ghost	5532	5533	5534	0
5372	Ghost	5532	5533	5534	426
5373	Ghost	5532	5533	5534	426
5374	Ghost	5532	5533	5534	0
5375	Zombie	5568	5567	5569	5568
5376	Zombie	5568	5567	5569	5568
5377	Zombie	5578	5579	5580	5578
5378	Zombie	5578	5579	5580	5578
5379	Zombie	5578	5579	5580	5578
5380	Zombie	5578	5579	5580	5578
5381	Skeleton	5485	0	5491	0
5382	Animated steel armour	386	0	4167	0
5383	Odovacar	0	0	0	0
5384	Giant skeleton	5499	5489	5503	5499
5385	Skeleton	5487	0	5491	0
5386	Skeleton	5487	0	5491	0
5387	Skeleton	5485	0	5491	0
5388	Skeleton	5487	0	5491	0
5389	Skeleton	5487	0	5491	0
5390	Skeleton	5485	0	5491	0
5391	Skeleton	5485	0	5491	0
5392	Skeleton	5485	0	5491	0
5393	Zombie	5568	5567	5569	0
5394	Zombie	5578	5567	5569	0
5395	Zombie	5578	5567	5569	0
5396	Zombie	5578	5567	5569	0
5397	Zombie	5578	5567	5569	0
5398	Zombie	5578	5567	5569	0
5399	Zombie	5578	5567	5569	0
5400	Zombie	5578	5567	5569	0
5401	Zombie	5578	5567	5569	0
5402	Zombie	5578	5567	5569	0
5403	Zombie	5578	5567	5569	0
5404	Zombie	5568	5567	5569	0
5405	Zombie	5578	5567	5569	0
5406	Zombie	5578	5567	5569	0
5407	Zombie	5578	5567	5569	0
5408	Zombie	5578	5567	5569	0
5409	Zombie	5578	5567	5569	0
5410	Zombie	5578	5567	5569	0
5411	Skeleton	5487	0	5491	0
5412	Skeleton	5485	0	5491	0
5413	Possessed pickaxe	5591	0	5592	0
5414	Animated spade	5597	0	5596	0
5415	Terror dog statue	0	0	0	0
5416	Terror dog statue	0	0	0	0
5417	Terror dog	5625	5626	5628	0
5418	Terror dog	5625	5626	5627	0
5419	Tarn	0	0	0	0
5420	Tarn	0	0	0	0
5421	Mutant tarn	5617	5618	5619	0
5422	Skeleton	5485	0	5491	0
5423	Larry	0	0	0	0
5425	Larry	0	0	0	0
5426	Larry	0	0	0	0
5427	Penguin	0	0	0	0
5429	Penguin	0	0	0	0
5430	Penguin	0	0	0	0
5431	KGP Guard	0	0	0	0
5432	Pescaling Pax	0	0	0	0
5433	Ping	0	0	0	0
5434	Ping	0	0	0	0
5435	Pong	0	0	0	0
5436	Pong	0	0	0	0
5437	Ping	0	0	0	0
5438	Pong	0	0	0	0
5439	null	0	0	0	0
5442	KGP Agent	0	0	0	0
5443	Noodle	0	0	0	0
5445	Penguin	0	0	0	0
5446	Penguin suit	0	0	0	0
5447	Agility Instructor	0	0	0	0
5448	Army Commander	0	0	0	0
5449	Penguin	0	0	0	0
5450	Penguin	0	0	0	0
5451	Penguin	0	0	0	0
5452	Icelord	5724	0	5726	5725
5453	Icelord	5724	0	5726	0
5454	Icelord	5724	0	5726	0
5455	Icelord	5724	0	5726	0
5456	Crusher	0	0	0	0
5457	Crusher	0	0	0	0
5458	Crusher	0	0	0	0
5459	Crusher	0	0	0	0
5460	Tree	0	0	0	0
5461	Jungle Tree	0	0	0	0
5462	Tolna	0	0	0	0
5463	Honour guard	0	0	0	0
5464	Honour guard	0	0	0	0
5465	Fridleif Shieldson	0	0	0	0
5466	Thakkrad Sigmundson	0	0	0	0
5467	Iceberg	0	0	0	0
5468	Iceberg	0	0	0	0
5469	Arctic Pine	0	0	0	0
5470	Fishing spot	0	0	0	0
5471	Fishing spot	0	0	0	0
5472	Ice Troll King	5374	0	5209	0
5473	Ice troll runt	284	285	287	0
5474	Ice troll male	284	285	287	0
5475	Ice troll female	1142	285	287	1142
5476	Ice troll grunt	4332	0	0	0
5477	Bork Sigmundson	0	0	0	0
5478	King Gjuki Sorvott IV	0	0	0	0
5479	HRH Hrafn	422	404	9055	422
5480	Thorkel Silkbeard	0	0	0	0
5481	Mord Gunnars	0	0	0	0
5482	Mord Gunnars	0	0	0	0
5483	Hring Hring	422	404	9055	422
5484	Flossi Dalksson	422	404	9055	422
5485	Raum Urda-Stein	422	404	9055	422
5486	Skuli Myrka	422	404	9055	422
5487	Keepa Kettilon	422	404	9055	422
5488	Magnus Gram	0	0	0	0
5489	Guard	0	0	0	0
5490	Guard	0	0	0	0
5491	Guard	0	0	0	0
5492	Guard	0	0	0	0
5493	Freygerd	422	404	9055	422
5494	Lensa	422	404	9055	422
5495	Vanligga Gastfrihet	422	404	9055	422
5496	Sassilik	422	404	9055	422
5497	Miner	0	0	0	0
5498	Miner	0	0	0	0
5499	Eric	422	404	9055	422
5500	Gruva Patrull	422	404	9055	422
5501	Brendt	422	404	9055	422
5502	Grundt	0	0	0	0
5503	Mawnis Burowgar	0	0	0	0
5504	Mawnis Burowgar	0	0	0	0
5505	Fridleif Shieldson	0	0	0	0
5506	Thakkrad Sigmundson	0	0	0	0
5507	Maria Gunnars	0	0	0	0
5508	Maria Gunnars	0	0	0	0
5509	Jofridr Mordstatter	0	0	0	0
5510	Morten Holdstrom	0	0	0	0
5511	Gunnar Holdstrom	0	0	0	0
5512	Anne Isaakson	0	0	0	0
5513	Lisse Isaakson	0	0	0	0
5514	Honour guard	0	0	0	0
5515	Honour Guard	395	404	836	0
5516	Honour guard	0	0	0	0
5517	Honour guard	0	0	0	0
5518	Kjedelig Uppsen	0	0	0	0
5519	Trogen Konungarde	0	0	0	0
5520	Slug Hemligssen	0	0	0	0
5521	Ice troll runt	284	285	287	0
5522	Ice troll male	284	285	287	0
5523	Ice troll female	1142	285	287	1142
5524	Ice troll grunt	4332	0	0	0
5525	Ice troll runt	284	285	287	0
5526	Ice troll male	284	285	287	0
5527	Ice troll female	1142	285	287	1142
5528	Ice troll grunt	0	0	0	0
5529	Yak	5782	5783	5784	5782
5530	Sorceress	0	0	0	0
5531	Sorceress	0	0	0	0
5532	Apprentice	0	0	0	0
5533	Autumn Elemental	0	0	0	0
5539	Spring Elemental	0	0	0	0
5547	Summer Elemental	0	0	0	0
5553	Winter Elemental	0	0	0	0
5560	Osman	0	0	0	0
5561	Osman	0	0	0	0
5562	Del-Monty	0	0	0	0
5564	Bouncer	0	0	0	0
5565	Bouncer	0	0	0	0
5566	General Khazard	0	0	0	0
5567	Scout	0	0	0	0
5568	Scout	0	0	0	0
5569	Scout	0	0	0	0
5570	Scout	0	0	0	0
5571	Sin Seer	0	0	0	0
5572	Ghost	0	0	0	0
5573	Effigy	0	0	0	0
5579	Effigy	0	0	0	0
5580	Bonafido	0	0	0	0
5581	Homunculus	0	0	0	0
5582	Homunculus	0	0	0	0
5583	Homunculus	0	0	0	0
5584	Cage	0	0	0	0
5585	'Transmute' The Alchemist	0	0	0	0
5586	'Transmute' The Alchemist	0	0	0	0
5587	'Currency' The Alchemist	0	0	0	0
5588	'Currency' The Alchemist	0	0	0	0
5589	'Black-eye	0	0	0	0
5590	'No fingers	0	0	0	0
5591	'Gummy	0	0	0	0
5592	'The Guns'	0	0	0	0
5593	Frogeel	5842	0	5841	0
5594	Spidine	143	144	146	0
5595	Swordchick	5387	0	5389	0
5596	Jubster	6800	6802	6801	0
5597	Newtroost	2299	0	2301	0
5598	Unicow	0	0	0	0
5603	Unicow	5849	0	5851	0
5604	Elfinlocks	0	0	0	0
5605	Clockwork cat	0	0	0	0
5606	Clockwork cat	0	0	0	0
5608	Monk	0	0	0	0
5609	Monk	0	0	0	0
5610	Monk	0	0	0	0
5611	Monk	0	0	0	0
5612	Rufus	0	0	0	0
5613	Mi-Gor	0	0	0	0
5614	Puffin	0	0	0	0
5615	Puffin	0	0	0	0
5616	Brother Tranquility	0	0	0	0
5617	Brother Tranquility	0	0	0	0
5618	Brother Tranquility	0	0	0	0
5619	Monk	0	0	0	0
5620	Monk	0	0	0	0
5621	Monk	0	0	0	0
5622	Monk	0	0	0	0
5623	Zombie monk	0	0	0	0
5624	Zombie monk	0	0	0	0
5625	Zombie monk	0	0	0	0
5626	Zombie monk	0	0	0	0
5627	Sorebones	5643	0	5658	0
5628	Sorebones	5643	0	5658	0
5629	Zombie pirate	5647	0	5649	0
5630	Zombie pirate	5647	5648	5649	0
5631	Zombie pirate	5647	0	5649	0
5632	Zombie pirate	5647	5648	5649	0
5633	Zombie pirate	5647	0	5649	0
5634	Zombie pirate	5647	0	5649	0
5635	Zombie pirate	5647	0	5649	0
5636	Zombie pirate	5647	5648	5649	0
5637	Zombie pirate	5651	0	5654	0
5638	Zombie pirate	5651	0	5654	0
5639	Zombie pirate	5651	0	5654	0
5640	Zombie pirate	5651	0	5654	0
5641	Zombie pirate	5651	0	5654	0
5642	Zombie pirate	5880	0	5654	0
5643	Zombie pirate	5880	0	5654	0
5644	Zombie pirate	5880	0	5654	0
5645	Zombie pirate	5880	0	5654	0
5646	Zombie pirate	5880	0	5654	0
5647	Zombie pirate	5884	0	5886	0
5648	Zombie pirate	5884	0	5886	0
5649	Zombie pirate	5647	5648	5649	0
5650	Zombie pirate	5884	0	5886	0
5651	Zombie pirate	5647	5648	5649	0
5652	Zombie pirate	5884	0	5886	0
5653	Zombie pirate	5647	5648	5649	0
5654	Zombie pirate	5884	0	5886	0
5655	Zombie pirate	5647	5648	5649	0
5656	Zombie pirate	5889	0	5891	0
5657	Zombie pirate	5647	5648	5649	0
5658	Zombie pirate	5889	0	5891	0
5659	Zombie pirate	5889	0	5891	0
5660	Zombie pirate	5647	5648	5649	0
5661	Zombie pirate	5889	0	5891	0
5662	Zombie pirate	5647	5648	5649	0
5663	Zombie pirate	5889	0	5891	0
5664	Zombie pirate	5647	5648	5649	0
5665	Zombie pirate	5889	0	5891	0
5666	Barrelchest	5895	0	5898	0
5667	Undead Lumberjack	0	0	0	0
5679	Undead Lumberjack	0	0	0	0
5680	Undead Lumberjack	5970	0	5972	0
5681	Undead Lumberjack	0	0	0	0
5682	Undead Lumberjack	0	0	0	0
5683	Undead Lumberjack	0	0	0	0
5684	Undead Lumberjack	0	0	0	0
5685	Undead Lumberjack	0	0	0	0
5686	Undead Lumberjack	0	0	0	0
5687	Undead Lumberjack	0	0	0	0
5688	Undead Lumberjack	0	0	0	0
5689	Undead Lumberjack	0	0	0	0
5690	Undead Lumberjack	0	0	0	0
5691	Undead Lumberjack	0	0	0	0
5692	Undead Lumberjack	0	0	0	0
5693	Undead Lumberjack	0	0	0	0
5694	Undead Lumberjack	0	0	0	0
5695	Undead Lumberjack	0	0	0	0
5696	Undead Lumberjack	0	0	0	0
5697	Undead Lumberjack	0	0	0	0
5698	Undead Lumberjack	0	0	0	0
5699	Undead Lumberjack	0	0	0	0
5700	Undead Lumberjack	0	0	0	0
5701	Undead Lumberjack	0	0	0	0
5702	Undead Lumberjack	0	0	0	0
5703	Undead Lumberjack	0	0	0	0
5704	Undead Lumberjack	0	0	0	0
5705	Undead Lumberjack	0	0	0	0
5706	Undead Lumberjack	0	0	0	0
5707	Undead Lumberjack	0	0	0	0
5708	Undead Lumberjack	0	0	0	0
5709	Undead Lumberjack	0	0	0	0
5710	Undead Lumberjack	0	0	0	0
5711	Undead Lumberjack	0	0	0	0
5712	Undead Lumberjack	0	0	0	0
5713	Undead Lumberjack	0	0	0	0
5714	Undead Lumberjack	0	0	0	0
5715	Undead Lumberjack	0	0	0	0
5716	Undead Lumberjack	0	0	0	0
5717	Undead Lumberjack	0	0	0	0
5718	Undead Lumberjack	0	0	0	0
5719	Undead Lumberjack	0	0	0	0
5720	Undead Lumberjack	0	0	0	0
5721	Undead Lumberjack	0	0	0	0
5722	Undead Lumberjack	0	0	0	0
5723	Undead Lumberjack	0	0	0	0
5724	Undead Lumberjack	0	0	0	0
5725	Undead Lumberjack	0	0	0	0
5726	Undead Lumberjack	0	0	0	0
5727	Undead Lumberjack	0	0	0	0
5728	Undead Lumberjack	0	0	0	0
5729	Undead Lumberjack	0	0	0	0
5730	Undead Lumberjack	0	0	0	0
5731	Undead Lumberjack	0	0	0	0
5732	Undead Lumberjack	0	0	0	0
5733	Undead Lumberjack	0	0	0	0
5734	Undead Lumberjack	0	0	0	0
5735	Undead Lumberjack	0	0	0	0
5736	Undead Lumberjack	0	0	0	0
5737	Undead Lumberjack	0	0	0	0
5738	Undead Lumberjack	0	0	0	0
5739	Undead Lumberjack	0	0	0	0
5740	Undead Lumberjack	0	0	0	0
5741	Undead Lumberjack	0	0	0	0
5742	Undead Lumberjack	0	0	0	0
5743	Undead Lumberjack	0	0	0	0
5744	Undead Lumberjack	0	0	0	0
5745	Undead Lumberjack	0	0	0	0
5746	Undead Lumberjack	0	0	0	0
5747	Undead Lumberjack	0	0	0	0
5748	Fishing spot	0	0	0	0
5749	Fishing spot	0	0	0	0
5750	Cave bug	6079	0	6081	0
5751	Molanisk	6012	6013	6014	0
5752	Cave goblin	0	0	0	0
5753	Cave goblin	0	0	0	0
5754	Cave goblin	0	0	0	0
5755	Cave goblin	0	0	0	0
5756	Cave goblin	0	0	0	0
5757	Cave goblin	0	0	0	0
5758	Cave goblin	0	0	0	0
5759	Cave goblin	0	0	0	0
5760	Cave goblin	0	0	0	0
5761	Cave goblin	0	0	0	0
5762	Cave goblin	0	0	0	0
5763	Cave goblin	0	0	0	0
5764	Cave goblin	0	0	0	0
5765	Cave goblin	0	0	0	0
5766	Cave goblin	0	0	0	0
5767	Cave goblin	0	0	0	0
5768	Cave goblin	0	0	0	0
5769	Cave goblin	0	0	0	0
5770	Ur-zek	0	0	0	0
5771	Ur-vass	0	0	0	0
5772	Ur-taal	0	0	0	0
5773	Ur-meg	0	0	0	0
5774	Ur-lun	0	0	0	0
5775	Ur-pel	0	0	0	0
5776	Banker	0	0	0	0
5777	Banker	0	0	0	0
5778	Bartak	0	0	0	0
5779	Turgall	0	0	0	0
5780	Reldak	0	0	0	0
5781	Miltog	0	0	0	0
5782	Mernik	0	0	0	0
5783	Cave goblin	0	0	0	0
5784	Crate goblin	0	0	0	0
5785	Cave goblin	0	0	0	0
5786	Goblin scribe	0	0	0	0
5787	Gourmet	0	0	0	0
5789	Gourmet	0	0	0	0
5790	Gourmet	0	0	0	0
5791	Gourmet	0	0	0	0
5792	Turgok	0	0	0	0
5793	Markog	0	0	0	0
5794	Durgok	0	0	0	0
5795	Tindar	0	0	0	0
5796	Gundik	0	0	0	0
5797	Zenkog	0	0	0	0
5798	Lurgon	0	0	0	0
5799	Ur-tag	0	0	0	0
5800	Guard	6007	0	6003	0
5801	Guard	6007	0	6003	0
5802	Young 'un	0	0	0	0
5803	Young 'un	0	0	0	0
5804	Tyke	0	0	0	0
5805	Nipper	0	0	0	0
5806	Nipper	0	0	0	0
5807	Cave goblin child	0	0	0	0
5808	Cave goblin child	0	0	0	0
5809	Cave goblin child	0	0	0	0
5810	Cave goblin child	0	0	0	0
5811	Cave goblin child	0	0	0	0
5812	Cave goblin child	0	0	0	0
5813	Cave goblin child	0	0	0	0
5814	Cave goblin child	0	0	0	0
5815	Cave goblin child	0	0	0	0
5816	Cave goblin child	0	0	0	0
5817	Cave goblin child	0	0	0	0
5818	Cave goblin child	0	0	0	0
5819	Cave goblin child	0	0	0	0
5820	Cave goblin child	0	0	0	0
5821	Cave goblin child	0	0	0	0
5822	Cave goblin child	0	0	0	0
5823	Spit goblin	0	0	0	0
5824	Goblin fish	0	0	0	0
5825	Movario	0	0	0	0
5826	Darve	0	0	0	0
5827	Moths	0	0	0	0
5828	Barlak	0	0	0	0
5829	Rabbit	6090	6091	6092	0
5830	Rat Burgiss	0	0	0	0
5833	Rat Burgiss	0	0	0	0
5834	Surok Magis	0	0	0	0
5835	Surok Magis	0	0	0	0
5836	Zaff	0	0	0	0
5837	Anna Jones	0	0	0	0
5838	King Roald	0	0	0	0
5839	Mishkal'un Dorn	0	0	0	0
5840	Dakh'thoulan Aegis	0	0	0	0
5841	Sil'as Dahcsnu	0	0	0	0
5842	Outlaw	390	0	836	0
5843	Outlaw	390	0	836	0
5844	Outlaw	390	0	836	0
5845	Outlaw	390	0	836	0
5846	Outlaw	390	0	836	0
5847	Outlaw	390	0	836	0
5848	Outlaw	390	0	836	0
5849	Outlaw	390	0	836	0
5850	Outlaw	390	0	836	0
5851	Outlaw	390	0	836	0
5852	Monkey	0	0	0	0
5853	Bench	0	0	0	0
5854	Bench	0	0	0	0
5855	Goblin	0	0	0	0
5856	Goblin	0	0	0	0
5857	Zanik	0	0	0	0
5858	Ur-tag	0	0	0	0
5859	H.A.M. Archer	426	0	836	0
5860	H.A.M. Mage	429	0	836	0
5861	Zanik	0	0	0	0
5862	Sigmund and Zanik	0	0	0	0
5863	Ambassador Alvijar	0	0	0	0
5864	Builder	0	0	0	0
5865	Builder	0	0	0	0
5866	Builder	0	0	0	0
5867	Builder	0	0	0	0
5868	Tegdak	0	0	0	0
5869	Zanik	0	0	0	0
5871	Sergeant Mossfists	0	0	0	0
5872	Sergeant Slimetoes	0	0	0	0
5873	Cave goblin	0	0	0	0
5874	Cave goblin	0	0	0	0
5875	Cave goblin	0	0	0	0
5876	Cave goblin	0	0	0	0
5877	Cave goblin	0	0	0	0
5878	Cave goblin	0	0	0	0
5879	Ticket goblin	0	0	0	0
5880	Dwarf	0	0	0	0
5881	Dwarf	0	0	0	0
5882	Dwarf	0	0	0	0
5883	Dwarf	0	0	0	0
5884	Dwarf	0	0	0	0
5885	Dwarf	0	0	0	0
5886	Ticket dwarf	0	0	0	0
5887	Cyrisus	0	0	0	0
5894	Cyrisus	0	0	0	0
5895	Cyrisus	0	0	0	0
5896	Cyrisus	0	0	0	0
5897	Cyrisus	0	0	0	0
5898	'Bird's-Eye' Jack	0	0	0	0
5899	The Inadequacy	0	0	0	0
5902	The Inadequacy	6318	0	6322	0
5903	The Everlasting	6345	0	6347	0
5904	The Untouchable	6329	0	6331	0
5905	The Illusive	6342	0	0	0
5906	A Doubt	6310	0	6315	0
5907	The Illusive	0	0	0	0
5908	Dying tree	0	0	0	0
5909	Barbarian	422	0	836	0
5910	Cook	0	0	0	0
5911	Cook	0	0	0	0
5912	Banker	0	0	0	0
5913	Banker	0	0	0	0
5914	Iffie	0	0	0	0
5915	Elsie	0	0	0	0
5916	Cleaner	0	0	0	0
5917	Stray dog	0	0	0	0
5918	Stray dog	0	0	0	0
5919	Guard	6489	0	6490	0
5920	Guard	6489	0	6490	0
5921	Trainee Guard	0	0	0	0
5922	Captain	0	0	0	0
5923	Man	422	0	836	0
5924	Woman	422	0	836	0
5925	Benny	0	0	0	0
5926	Thief	422	0	836	0
5927	Thief	422	0	836	0
5928	Thief	422	0	836	0
5929	Thief	422	0	836	0
5930	Art Critic Jacques	0	0	0	0
5931	Historian Minas	0	0	0	0
5932	Barnabus Hurma	0	0	0	0
5933	Marius Giste	0	0	0	0
5934	Caden Azro	0	0	0	0
5935	Thias Leacke	0	0	0	0
5936	Sinco Doar	0	0	0	0
5937	Tinse Torpe	0	0	0	0
5938	Information clerk	0	0	0	0
5939	Torrcs	0	0	0	0
5940	Marfet	0	0	0	0
5941	Museum guard	0	0	0	0
5942	Museum guard	0	0	0	0
5943	Museum guard	0	0	0	0
5944	Teacher and pupil	0	0	0	0
5945	Schoolboy	0	0	0	0
5946	Schoolboy	0	0	0	0
5947	Teacher and pupil	0	0	0	0
5948	Teacher and pupil	0	0	0	0
5949	Schoolboy	0	0	0	0
5950	Teacher	0	0	0	0
5951	Schoolgirl	0	0	0	0
5952	Workman	0	0	0	0
5953	Workman	0	0	0	0
5954	Workman	0	0	0	0
5955	Workman	0	0	0	0
5956	Void Knight	0	0	0	0
5957	Schoolgirl	0	0	0	0
5958	Digsite workman	0	0	0	0
5959	Barge workman	0	0	0	0
5960	Barge workman	0	0	0	0
5961	Barge workman	0	0	0	0
5962	Barge workman	0	0	0	0
5963	Barge foreman	0	0	0	0
5964	Ed Wood	0	0	0	0
5965	Orlando Smith	0	0	0	0
5966	Natural historian	0	0	0	0
5967	Natural historian	0	0	0	0
5968	Natural historian	0	0	0	0
5969	Natural historian	0	0	0	0
5970	Natural historian	0	0	0	0
5971	Leech display	0	0	0	0
5972	Sea slugs display	0	0	0	0
5973	Snail display	0	0	0	0
5974	Monkey display	0	0	0	0
5975	Lizard display	0	0	0	0
5976	Penguin display	0	0	0	0
5977	Camel display	0	0	0	0
5978	Terrorbird display	1010	0	0	0
5979	Dragon display	0	0	0	0
5980	Wyvern display	0	0	0	0
5981	Battle tortoise display	0	0	0	0
5982	Mole display	0	0	0	0
5983	Schoolgirl	0	0	0	0
5984	Schoolgirl	0	0	0	0
5985	Schoolgirl	0	0	0	0
5986	Workman	0	0	0	0
5987	Sylas	0	0	0	0
5988	Miazrqa	0	0	0	0
5989	Grimgnash	0	0	0	0
5990	Rupert the Beard	0	0	0	0
5991	Drain pipe	0	0	0	0
5992	Rupert the Beard	0	0	0	0
5993	Experiment No.2	6513	0	6512	0
5994	Mouse	6519	0	6521	0
5995	Mouse	0	0	0	0
5996	Glod	6501	6503	6502	0
5997	Rupert the Beard	0	0	0	0
5999	Rupert the Beard	0	0	0	0
6000	Rupert the Beard	0	0	0	0
6001	Rupert the Beard	0	0	0	0
6002	Gnome	0	0	0	0
6003	Winkin	0	0	0	0
6004	Gnome	0	0	0	0
6005	Cage	0	0	0	0
6006	Werewolf	6536	6538	6537	0
6007	Werewolf	6536	6538	6537	0
6008	Werewolf	6536	6538	6537	0
6009	Werewolf	6536	6538	6537	0
6010	Werewolf	6536	6538	6537	0
6011	Werewolf	6536	6538	6537	0
6012	Werewolf	6536	6538	6537	0
6013	Werewolf	6536	6538	6537	0
6014	Werewolf	6536	6538	6537	0
6015	Werewolf	6536	6538	6537	0
6016	Werewolf	6536	6538	6537	0
6017	Werewolf	6536	6538	6537	0
6018	Werewolf	6536	6538	6537	0
6019	Werewolf	6536	6538	6537	0
6020	Werewolf	6536	6538	6537	0
6021	Werewolf	6536	6538	6537	0
6022	Werewolf	6536	6538	6537	0
6023	Werewolf	6536	6538	6537	0
6024	Werewolf	6536	6538	6537	0
6025	Werewolf	6536	6538	6537	0
6026	Boris	422	425	836	0
6027	Imre	422	425	836	0
6028	Yuri	422	425	836	0
6029	Joseph	422	425	836	0
6030	Nikolai	422	425	836	0
6031	Eduard	422	425	836	0
6032	Lev	422	425	836	0
6033	Georgy	422	425	836	0
6034	Svetlana	422	425	836	0
6035	Irina	422	425	836	0
6036	Alexis	422	425	836	0
6037	Milla	422	425	836	0
6038	Galina	422	425	836	0
6039	Sofiya	422	425	836	0
6040	Ksenia	422	425	836	0
6041	Yadviga	422	425	836	0
6042	Nikita	422	425	836	0
6043	Vera	422	425	836	0
6044	Zoja	422	425	836	0
6045	Liliya	422	425	836	0
6046	Big Wolf	6559	6557	6558	0
6047	Wolf	6579	6578	6576	6579
6048	Wolf	0	0	0	0
6049	Wolf	0	0	0	0
6050	Desert Wolf	6579	6578	6558	6579
6051	Desert Wolf	6579	6578	6558	6579
6052	Ice wolf	6559	6557	6558	0
6053	Ninja Impling	0	0	0	0
6054	Dragon impling	0	0	0	0
6055	Baby Impling Puro	0	0	0	0
6056	Young Impling Puro	0	0	0	0
6057	Gourmet Impling Puro	0	0	0	0
6058	Earth Impling Puro	0	0	0	0
6059	Essence Impling Puro	0	0	0	0
6060	Eclectic Impling Puro	0	0	0	0
6061	Nature Impling Puro	0	0	0	0
6062	Magpie Impling Puro	0	0	0	0
6063	Ninja Impling Puro	0	0	0	0
6064	Dragon impling	0	0	0	0
6065	Puro Spawn (Low)	0	0	0	0
6066	Puro Spawn (Mid)	0	0	0	0
6067	Puro Spawn (High)	0	0	0	0
6071	Immenizz	0	0	0	0
6072	Fairy Aeryka	0	0	0	0
6073	Wandering impling	0	0	0	0
6074	Imp defender	0	0	0	0
6075	Cyclops	0	0	0	0
6078	Cyclops	4652	4651	4653	0
6079	Cyclops	4652	4651	4653	0
6080	Cyclops	4652	4651	4653	0
6081	Cyclops	4652	4651	4653	0
6082	Captain Ned	0	0	0	0
6085	Cabin boy Jenkins	0	0	0	0
6086	Cabin boy Jenkins	0	0	0	0
6087	Elvarg	0	0	0	0
6088	Zombie rat	4933	0	4935	0
6089	Zombie rat	4933	0	4935	0
6090	Zombie rat	4933	0	4935	0
6091	Skeleton	0	5513	5491	0
6092	Skeleton	0	5513	5491	0
6093	Skeleton	5487	0	5491	0
6094	Ghost	5540	5541	5542	0
6095	Ghost	5532	5533	5534	0
6096	Ghost	5532	5533	5534	0
6097	Ghost	5532	5533	5534	0
6098	Ghost	5532	5533	5534	0
6099	Zombie	5571	5574	5575	0
6100	Zombie	5571	5574	5575	0
6101	Lesser demon	4630	65	67	4630
6102	Lost barbarian	422	0	836	0
6103	Skeleton hero	2067	0	836	0
6104	Skeleton brute	422	0	836	0
6105	Skeleton warlord	2067	0	836	0
6106	Skeleton heavy	390	0	836	0
6107	Skeleton thug	422	0	836	0
6108	Entrana firebird	6811	0	6812	0
6109	Mounted terrorbird gnome	6790	0	6791	0
6110	Mounted terrorbird gnome	6790	6792	6791	0
6111	Mounted terrorbird gnome	6790	6792	6791	0
6112	Ducklings	0	0	0	0
6113	Duck	747	3268	750	0
6114	Drake	0	0	0	0
6115	Seagull	3467	1014	3468	3467
6116	Seagull	3467	1014	3468	3467
6117	Mr. Mordaut	0	0	0	0
6118	Observatory assistant	0	0	0	0
6119	Observatory professor	0	0	0	0
6122	Sleeping guard	0	0	0	0
6123	Naghead	0	0	0	0
6124	Wagchin	0	0	0	0
6125	Goblin	0	0	0	0
6126	Goblin	0	0	0	0
6127	Greasycheeks	0	0	0	0
6128	Smellytoes	0	0	0	0
6129	Creakyknees	0	0	0	0
6130	Clothears	0	0	0	0
6131	Zombie	0	0	0	0
6132	Goblin	0	0	0	0
6133	Goblin	0	0	0	0
6134	Dunce	0	0	0	0
6135	Town crier	0	0	0	0
6136	Town crier	0	0	0	0
6137	Town crier	0	0	0	0
6138	Town crier	0	0	0	0
6139	Town crier	0	0	0	0
6140	Squire (Intermediate)	0	0	0	0
6141	Squire (Veteran)	0	0	0	0
6142	Portal	0	0	0	0
6143	Portal	0	0	0	0
6144	Portal	0	0	0	0
6145	Portal	0	0	0	0
6146	Portal	0	0	0	0
6147	Portal	0	0	0	0
6148	Portal	0	0	0	0
6149	Portal	0	0	0	0
6150	Portal	0	0	0	0
6151	Portal	0	0	0	0
6152	Portal	0	0	0	0
6153	Portal	0	0	0	0
6154	Portal	0	0	0	0
6155	Portal	0	0	0	0
6156	Portal	0	0	0	0
6157	Portal	0	0	0	0
6158	Sir Lucan	0	0	0	0
6159	Workman	0	0	0	0
6160	Sir Lancelot	0	0	0	0
6161	Sir Bedivere	0	0	0	0
6162	Sir Tristram	0	0	0	0
6163	Sir Pelleas	0	0	0	0
6164	Sir Gawain	0	0	0	0
6165	Sir Kay	0	0	0	0
6166	Sir Pelleas	0	0	0	0
6167	Sir Gawain	0	0	0	0
6168	Sir Kay	0	0	0	0
6169	Squire	0	0	0	0
6170	Sir Lancelot	400	422	836	0
6171	Sir Kay	0	0	0	0
6172	Sir Gawain	0	0	0	0
6173	Sir Lucan	0	0	0	0
6174	Bandit	0	0	0	0
6175	Sir Tristram	0	0	0	0
6176	Sir Pelleas	0	0	0	0
6177	Sir Bedivere	0	0	0	0
6178	Anna	0	0	0	0
6179	David	0	0	0	0
6180	Anna	0	0	0	0
6181	Court judge	0	0	0	0
6182	Jury	0	0	0	0
6183	Guard	0	0	0	0
6184	Guard	0	0	0	0
6185	Prosecutor	0	0	0	0
6186	Morgan Le Faye	0	0	0	0
6188	Renegade knight	0	0	0	0
6189	Black Knight	390	0	836	0
6190	Guard	0	0	0	0
6191	Sinclair	0	0	0	0
6198	Sinclair	0	0	0	0
6199	Banker	0	0	0	0
6200	Banker	0	0	0	0
6201	Knight	0	0	0	0
6202	K'ril Tsutsaroth	0	0	0	0
6203	K'ril Tsutsaroth	6945	6944	6946	6945
6204	Tstanon Karlak	6945	6944	6946	6945
6205		0	0	0	0
6206	Zakl'n Gritch	7033	6945	6946	7033
6207		0	0	0	0
6208	Balfrug Kreeyath	7033	6944	6946	7033
6209		0	0	0	0
6210	Hellhound	6579	6578	6576	6579
6211	Imp	169	170	172	169
6212	Werewolf	6536	6538	6537	6536
6213	Werewolf	6536	6538	6537	6536
6214	Vampire	810	404	9055	810
6215	Bloodveld	9130	9132	9131	1552
6216	Pyrefiend	1582	1581	1580	1582
6217	Icefiend	8080	8079	8078	8080
6218	Gorak	4300	4301	4302	4300
6219	Spiritual warrior	390	1156	9055	390
6220	Spiritual ranger	426	404	9055	426
6221	Spiritual mage	811	404	9055	811
6222	Kree'arra	6977	6974	6975	6977
6223	Wingman Skree	6952	6955	6956	6952
6224		0	0	0	0
6225	Flockleader Geerin	6953	6955	6956	6953
6226		0	0	0	0
6227	Flight Kilisa	6954	6955	6956	6954
6228		0	0	0	0
6229	Spiritual warrior	6954	6955	6956	6954
6230	Spiritual ranger	6953	6955	6956	6953
6231	Spiritual mage	6952	6955	6956	6952
6232	Aviansie	6953	6955	6956	6953
6233	Aviansie	6953	6955	6956	6953
6234	Aviansie	6953	6955	6956	6953
6235	Aviansie	6953	6955	6956	6953
6236	Aviansie	6953	6955	6956	6953
6237	Aviansie	6953	6955	6956	6953
6238	Aviansie	6953	6955	6956	6953
6239	Aviansie	6953	6955	6956	6953
6240	Aviansie	6953	6955	6956	6953
6241	Aviansie	6953	6955	6956	6953
6242	Aviansie	6953	6955	6956	6953
6243	Aviansie	6953	6955	6956	6953
6244	Aviansie	6953	6955	6956	6953
6245	Aviansie	6953	6955	6956	6953
6246	Aviansie	6953	6955	6956	6953
6247	Commander Zilyana	6964	6966	6965	6964
6248	Starlight	6376	6375	6377	6376
6249		0	0	0	0
6250	Growler	7019	7017	7016	7019
6251		0	0	0	0
6252	Bree	7009	7010	7011	7009
6253		0	0	0	0
6254	Saradomin priest	811	404	9055	811
6255	Spiritual warrior	390	1156	9055	390
6256	Spiritual ranger	426	404	9055	426
6257	Spiritual mage	811	404	9055	811
6258	Knight of Saradomin	407	410	9055	407
6259	Knight of Saradomin	401	424	9055	401
6260	General Graardor	7060	7061	7062	7060
6261	Sergeant Strongstack	6154	6155	6156	6154
6262		0	0	0	0
6263	Sergeant Steelwill	6154	6155	6156	6154
6264		0	0	0	0
6265	Sergeant Grimspike	6154	6155	6156	6154
6266		0	0	0	0
6267	Fishing spot	359	360	361	359
6268	Jogre	2936	2937	2938	2936
6269	Cyclops	4652	4651	4653	0
6270	Cyclops	4652	4651	4653	0
6271	Ork	4320	4322	4321	4320
6272	Ork	4320	4322	4321	4320
6273	Ork	4320	4322	4321	4320
6274	Ork	4320	4322	4321	4320
6275	Hobgoblin	164	165	167	164
6276	Spiritual ranger	4320	4322	4321	4320
6277	Spiritual warrior	4320	4322	4321	4320
6278	Spiritual mage	4320	4322	4321	4320
6279	Goblin	6185	6183	6182	6185
6280	Goblin	6185	6183	6182	6185
6281	Goblin	6188	6189	6190	6188
6282	Goblin	6188	6189	6190	6188
6283	Goblin	6185	6183	6182	6185
6284	Warped terrorbird	0	0	0	0
6285	Warped terrorbird	7108	0	7109	0
6286	Warped terrorbird	7108	0	7109	0
6287	Warped terrorbird	7108	0	7109	0
6288	Warped terrorbird	7108	0	7109	0
6289	Warped terrorbird	7108	0	7109	0
6290	Warped terrorbird	7108	7110	7109	0
6291	Warped terrorbird	7108	0	7109	0
6292	Warped terrorbird	7108	0	7109	0
6293	Warped terrorbird	7108	7110	7109	0
6294	Warped terrorbird	7108	0	7109	0
6295	Warped terrorbird	7108	0	7109	0
6296	Warped tortoise	7093	0	7091	0
6297	Warped tortoise	7093	7092	7091	0
6298	Jeffery	0	0	0	0
6299	Big monolith	0	0	0	0
6300	Small monolith	0	0	0	0
6301	Cute creature	0	0	0	0
6302	Evil creature	0	0	0	0
6303	Yewnock the engineer	0	0	0	0
6304	Bolrie	0	0	0	0
6305	Hazelmere	0	0	0	0
6306	Bolrie	0	0	0	0
6307	Advisor	0	0	0	0
6308	King Argenthorg	0	0	0	0
6309	Prince Argenthorg	0	0	0	0
6310	Cute creature	0	0	0	0
6312	Evil creature	0	0	0	0
6313	Terrorbird servant	0	0	0	0
6314	Guard no. 21	0	0	0	0
6315	Guard no. 72	0	0	0	0
6316	Guard no. 21	0	0	0	0
6317	Guard no. 72	0	0	0	0
6318	Longramble	0	0	0	0
6319	Spirit tree	0	0	0	0
6321	Spirit tree	0	0	0	0
6322	Warped terrorbird	7108	7110	7109	0
6323	Warped terrorbird	7108	7110	7109	0
6324	Warped terrorbird	7108	7110	7109	0
6325	Warped terrorbird	7108	7110	7109	0
6326	Warped terrorbird	7108	7110	7109	0
6327	Warped terrorbird	7108	7110	7109	0
6328	Warped terrorbird	7108	7110	7109	0
6329	Warped terrorbird	7108	7110	7109	0
6330	Warped terrorbird	7108	7110	7109	0
6331	Warped terrorbird	7108	7110	7109	0
6332	Warped terrorbird	7108	7110	7109	0
6333	Child	0	0	0	0
6334	Child	0	0	0	0
6335	Child	0	0	0	0
6336	Child	0	0	0	0
6337	Child	0	0	0	0
6338	Child	0	0	0	0
6339	Child	0	0	0	0
6340	Child	0	0	0	0
6341	Child	0	0	0	0
6342	Child	0	0	0	0
6343	Child	0	0	0	0
6344	Child	3920	0	3922	3920
6345	Child	0	0	0	0
6346	Pirate	390	425	836	0
6347	Pirate	390	425	836	0
6348	Pirate	390	425	836	0
6349	Pirate	390	425	836	0
6350	Pirate	390	425	836	0
6351	Pirate	390	425	836	0
6352	Pirate	390	425	836	0
6353	Pirate	390	425	836	0
6354	Pirate	390	425	836	0
6355	Pirate	390	425	836	0
6356	Pirate	390	425	836	0
6357	Street urchin	0	0	0	0
6358	Street urchin	0	0	0	0
6359	Street urchin	0	0	0	0
6360	Street urchin	0	0	0	0
6361	Street urchin	0	0	0	0
6362	Eniola	0	0	0	0
6363	Zamorak warrior	390	0	836	0
6364	Zamorak warrior	390	0	836	0
6365	Zamorak ranger	426	0	836	426
6366	Zamorak ranger	426	0	836	426
6367	Zamorak mage	0	0	836	0
6368	Zamorak mage	0	0	836	0
6369	Cave lizard	7207	0	7205	0
6370	Mage of Zamorak	0	0	0	0
6371	Zamorak crafter	422	0	836	0
6372	Zamorak crafter	422	425	836	0
6373	Kennith	0	0	0	0
6374	Guard dog	0	0	0	0
6375	Wizard Cromperty	0	0	0	0
6376	Jungle spider	5327	5328	5329	0
6377	Jungle spider	5327	5328	5329	0
6378	Tenacious toucan	6775	0	6779	0
6379	Giant ant worker	7237	0	7238	0
6380	Giant ant soldier	7237	0	7238	0
6381	Giant wasp	7242	0	7244	0
6382	Pernicious parrot	6775	0	6777	0
6383	Giant wasp	7242	7243	7244	0
6384	Karamjan Jungle Eagle	0	0	0	0
6385	Karamjan Jungle eagle	0	0	0	0
6386	Bandit	0	0	0	0
6389	Gargoyle	9454	9455	1518	1516
6390	Grim Reaper	0	0	0	0
6391	Glough	0	0	0	0
6392	Oldak	0	0	0	0
6393	Zanik	0	0	0	0
6394	Zanik	0	0	0	0
6396	Zanik	0	0	0	0
6398	Zanik	0	0	0	0
6400	Oldak	0	0	0	0
6402	Goblin	0	0	0	0
6403	Goblin	0	0	0	0
6404	Goblin	0	0	0	0
6405	Goblin	0	0	0	0
6406	Goblin	0	0	0	0
6407	Goblin	0	0	0	0
6408	Goblin	0	0	0	0
6409	Goblin	0	0	0	0
6410	Goblin	0	0	0	0
6411	Goblin	0	0	0	0
6412	Goblin	0	0	0	0
6413	Goblin	0	0	0	0
6414	Goblin	0	0	0	0
6415	Goblin	0	0	0	0
6416	Goblin	0	0	0	0
6417	Goblin	0	0	0	0
6418	Goblin	0	0	0	0
6419	Goblin	0	0	0	0
6420	Goblin	0	0	0	0
6421	Goblin	0	0	0	0
6422	Goblin	0	0	0	0
6423	Goblin	0	0	0	0
6424	Goblin	0	0	0	0
6425	Goblin	0	0	0	0
6426	Goblin	0	0	0	0
6427	Goblin	0	0	0	0
6428	Goblin	0	0	0	0
6429	Goblin	0	0	0	0
6430	Goblin	0	0	0	0
6431	Goblin	0	0	0	0
6432	Goblin	0	0	0	0
6433	Goblin	0	0	0	0
6434	Goblin	0	0	0	0
6435	Goblin	0	0	0	0
6436	Goblin	0	0	0	0
6437	Goblin	0	0	0	0
6438	Goblin	0	0	0	0
6439	Goblin	0	0	0	0
6440	Goblin	0	0	0	0
6441	Goblin	0	0	0	0
6442	Goblin	0	0	0	0
6443	Goblin	0	0	0	0
6444	Goblin	0	0	0	0
6445	Goblin	0	0	0	0
6446	Goblin	0	0	0	0
6447	Goblin	0	0	0	0
6448	Goblin	0	0	0	0
6449	Goblin	0	0	0	0
6450	Goblin	0	0	0	0
6451	Goblin	0	0	0	0
6452	Goblin	0	0	0	0
6453	Goblin	0	0	0	0
6454	Goblin	0	0	0	0
6455	Goblin	0	0	0	0
6456	Goblin	0	0	0	0
6457	Goblin	0	0	0	0
6458	Goblin	0	0	0	0
6459	Goblin	0	0	0	0
6460	Goblin	0	0	0	0
6461	Goblin	0	0	0	0
6462	Goblin	0	0	0	0
6463	Goblin	0	0	0	0
6464	Goblin	0	0	0	0
6465	Goblin	0	0	0	0
6466	Goblin	0	0	0	0
6467	Goblin	0	0	0	0
6468	Skoblin	0	0	0	0
6469	Snothead	7317	0	6182	0
6470	Snailfeet	7317	0	6182	0
6471	Mosschin	7317	0	6182	0
6472	Redeyes	7317	0	6182	0
6473	Strongbones	7317	0	6182	0
6474	Snothead	0	0	0	0
6475	Snailfeet	0	0	0	0
6476	Mosschin	0	0	0	0
6477	Redeyes	0	0	0	0
6478	Strongbones	0	0	0	0
6479	Grubfoot	0	0	0	0
6480	Grubfoot	0	0	0	0
6482	Priest	0	0	0	0
6483	Priest	0	0	0	0
6484	Priest	0	0	0	0
6485	Priest	0	0	0	0
6486	Priest	0	0	0	0
6487	Priest	0	0	0	0
6488	Preacher	0	0	0	0
6489	High priest	0	0	0	0
6490	Goblin	0	0	0	0
6491	Goblin	0	0	0	0
6492	Goblin	0	0	0	0
6493	Goblin	0	0	0	0
6494	Goblin	0	0	0	0
6495	Goblin	0	0	0	0
6496	Goblin guard	0	0	0	0
6497	Goblin guard	0	0	0	0
6498	Guard	0	0	0	0
6499	Guard	0	0	0	0
6500	Guard	0	0	0	0
6501	Guard	0	0	0	0
6502	Guard	0	0	0	0
6503	Guard	0	0	0	0
6504	Ghost	0	0	0	0
6505	Registrar 1	0	0	0	0
6507	Registrar 2	0	0	0	0
6508	Registrar 3	0	0	0	0
6509	Registrar 4	0	0	0	0
6510	Jury	0	0	0	0
6511	Jury	0	0	0	0
6512	Spectator	0	0	0	0
6513	Spectator	0	0	0	0
6514	Spectator	0	0	0	0
6515	Spectator	0	0	0	0
6516	Spectator	0	0	0	0
6517	Spectator	0	0	0	0
6518	Spectator	0	0	0	0
6519	Spectator	0	0	0	0
6520	Head Registrar	0	0	0	0
6521	Grand Exchange Tutor	0	0	0	0
6522		0	0	0	0
6523	Farid Morrisane (ores)	0	0	0	0
6524	Bob Barter (herbs)	0	0	0	0
6525	Murky Matt (runes)	0	0	0	0
6526	Relobo Blinyo (logs)	0	0	0	0
6527	Hofuthand (armour and weapons)	0	0	0	0
6528		0	0	0	0
6529		0	0	0	0
6530		0	0	0	0
6531		0	0	0	0
6532		0	0	0	0
6533		0	0	0	0
6534		0	0	0	0
6535		0	0	0	0
6536	Registrar 5	0	0	0	0
6537	Mandrith	0	0	0	0
6538	Banker	0	0	0	0
6539	Charley the Cleaner	0	0	0	0
6540	Scotty the Cleaner	0	0	0	0
6541	Sanchez the Cleaner	0	0	0	0
6542	Summer Bonde	0	0	0	0
6543		0	0	0	0
6544		0	0	0	0
6558	null	0	0	0	0
6560	null	422	7061	7062	422
6566	Broken grave marker	0	0	0	0
6567	Collapsing grave marker	0	0	0	0
6568	Grave marker	0	0	0	0
6569	Broken grave marker	0	0	0	0
6570	Collapsing grave marker	0	0	0	0
6571	Gravestone	0	0	0	0
6572	Broken gravestone	0	0	0	0
6573	Collapsing gravestone	0	0	0	0
6574	Gravestone	0	0	0	0
6575	Broken gravestone	0	0	0	0
6576	Collapsing gravestone	0	0	0	0
6577	Gravestone	0	0	0	0
6578	Broken gravestone	0	0	0	0
6579	Collapsing gravestone	0	0	0	0
6580	Stele	0	0	0	0
6581	Broken stele	0	0	0	0
6582	Collapsing stele	0	0	0	0
6583	Saradomin symbol	0	0	0	0
6584	Broken Saradomin symbol	0	0	0	0
6585	Collapsing Saradomin symbol	0	0	0	0
6586	Zamorak symbol	0	0	0	0
6587	Broken Zamorak symbol	0	0	0	0
6588	Collapsing Zamorak symbol	0	0	0	0
6589	Guthix symbol	0	0	0	0
6590	Broken Guthix symbol	0	0	0	0
6591	Collapsing Guthix symbol	0	0	0	0
6592	Bandos symbol	0	0	0	0
6593	Broken Bandos symbol	0	0	0	0
6594	Collapsing Bandos symbol	0	0	0	0
6595	Armadyl symbol	0	0	0	0
6596	Broken Armadyl symbol	0	0	0	0
6597	Collapsing Armadyl symbol	0	0	0	0
6598	Memorial stone	0	0	0	0
6599	Broken memorial stone	0	0	0	0
6600	Collapsing memorial stone	0	0	0	0
6601	Memorial stone	0	0	0	0
6602	Broken memorial stone	0	0	0	0
6603	Collapsing memorial stone	0	0	0	0
6604	Revenant imp	7407	7404	7408	7501
6605	Revenant goblin	7449	7450	7448	7513
6606	Revenant icefiend	7481	7483	7482	7519
6607	Revenant werewolf	7397	7399	7398	7521
6608	Revenant hobgoblin	7418	7420	7419	7516
6609	Revenant werewolf	7397	7399	7398	7521
6610	Revenant ork	7411	7413	7412	7518
6611	Revenant knight	7441	7443	7442	7522
6612	Revenant goblin	7449	7450	7448	7513
6613	Revenant vampire	7427	7429	7428	7520
6614	Revenant werewolf	7397	7399	7398	7521
6615	Revenant ork	7411	7413	7412	7518
6616	Revenant goblin	7449	7450	7448	7513
6617	Revenant werewolf	7397	7399	7398	7521
6618	Revenant ork	7411	7413	7412	7518
6619	Revenant knight	7441	7443	7442	7522
6620	Revenant goblin	7449	7450	7448	7513
6621	Revenant icefiend	7481	7483	7482	7519
6622	Revenant pyrefiend	7481	7483	7482	7519
6623	Revenant vampire	7427	7429	7428	7520
6624	Revenant ork	7411	7413	7412	7518
6625	Revenant werewolf	7397	7399	7398	7521
6626	Revenant ork	7411	7413	7412	7518
6627	Revenant knight	7441	7443	7442	7522
6628	Revenant icefiend	7481	7483	7482	7519
6629	Revenant ork	7411	7413	7412	7518
6630	Revenant knight	7441	7443	7442	7522
6631	Revenant pyrefiend	7481	7483	7482	7519
6632	Revenant werewolf	7397	7399	7398	7521
6633	Revenant ork	7411	7413	7412	7518
6634	Revenant knight	7441	7443	7442	7522
6635	Revenant imp	7407	7404	7408	7501
6636	Revenant goblin	7449	7450	7448	7513
6637	Revenant goblin	7449	7450	7448	7513
6638	Revenant goblin	7449	7450	7448	7513
6639	Revenant goblin	7449	7450	7448	7513
6640	Revenant icefiend	7481	7483	7482	7519
6641	Revenant pyrefiend	7481	7483	7482	7519
6642	Revenant hobgoblin	7418	7420	7419	7516
6643	Revenant vampire	7427	7429	7428	7520
6644	Revenant werewolf	7397	7399	7398	7521
6645	Revenant cyclops	7453	7455	7454	7510
6646	Revenant hellhound	7460	7462	7461	7501
6647	Revenant demon	7474	7476	7475	7512
6648	Revenant ork	7411	7413	7412	7518
6649	Revenant dark beast	7467	7469	7468	7514
6650	Revenant knight	7441	7443	7442	7522
6651	Revenant goblin	7449	7450	7448	7513
6652	Revenant vampire	7427	7429	7428	7520
6653	Revenant ork	7411	7413	7412	7518
6654	Revenant knight	7441	7443	7442	7522
6655	Revenant imp	7407	7404	7408	7501
6656	Revenant goblin	7449	7450	7448	7513
6657	Revenant goblin	7449	7450	7448	7513
6658	Revenant goblin	7449	7450	7448	7513
6659	Revenant icefiend	7481	7483	7482	7519
6660	Revenant pyrefiend	7481	7483	7482	7519
6661	Revenant hobgoblin	7418	7420	7419	7516
6662	Revenant vampire	7427	7429	7428	7520
6663	Revenant werewolf	7397	7399	7398	7521
6664	Revenant ork	7411	7413	7412	7518
6665	Revenant knight	7441	7443	7442	7522
6666	Revenant imp	7407	7404	7408	7501
6667	Revenant goblin	7449	7450	7448	7513
6668	Revenant pyrefiend	7481	7483	7482	7519
6669	Revenant vampire	7427	7429	7428	7520
6670	Revenant ork	7411	7413	7412	7518
6671	Revenant vampire	7427	7429	7428	7520
6672	Revenant ork	7411	7413	7412	7518
6673	Revenant knight	7441	7443	7442	7522
6674	Revenant vampire	7427	7429	7428	7520
6675	Revenant werewolf	7397	7399	7398	7521
6676	Revenant knight	7441	7443	7442	7522
6677	Revenant imp	7407	7404	7408	7501
6678	Revenant goblin	7449	7450	7448	7513
6679	Revenant goblin	7449	7450	7448	7513
6680	Revenant goblin	7449	7450	7448	7513
6681	Revenant goblin	7449	7450	7448	7513
6682	Revenant icefiend	7481	7483	7482	7519
6683	Revenant pyrefiend	7481	7483	7482	7519
6684	Revenant hobgoblin	7418	7420	7419	7516
6685	Revenant vampire	7427	7429	7428	7520
6686	Revenant werewolf	7397	7399	7398	7521
6687	Revenant cyclops	7453	7455	7454	7510
6688	Revenant hellhound	7460	7462	7461	7501
6689	Revenant demon	7474	7476	7475	7512
6690	Revenant ork	7411	7413	7412	7518
6691	Revenant dark beast	7467	7469	7468	7514
6692	Revenant knight	7441	7443	7442	7522
6693	Revenant goblin	7449	7450	7448	7513
6694	Revenant icefiend	7481	7483	7482	7519
6695	Revenant vampire	7427	7429	7428	7520
6696	Revenant ork	7411	7413	7412	7518
6697	Revenant imp	7407	7404	7408	7501
6698	Revenant goblin	7449	7450	7448	7513
6699	Revenant goblin	7449	7450	7448	7513
6700	Revenant vampire	7427	7429	7428	7520
6701	Revenant werewolf	7397	7399	7398	7521
6702	Revenant ork	7411	7413	7412	7518
6703	Revenant imp	7407	7404	7408	7501
6704	Revenant goblin	7449	7450	7448	7513
6705	Revenant goblin	7449	7450	7448	7513
6706	Revenant goblin	7449	7450	7448	7513
6707	Revenant goblin	7449	7450	7448	7513
6708	Revenant icefiend	7481	7483	7482	7519
6709	Revenant pyrefiend	7481	7483	7482	7519
6710	Revenant hobgoblin	7418	7420	7419	7516
6711	Revenant vampire	7427	7429	7428	7520
6712	Revenant werewolf	7397	7399	7398	7521
6713	Revenant ork	7411	7413	7412	7518
6714	Revenant knight	7441	7443	7442	7522
6715	Revenant imp	7407	7404	7408	7501
6716	Revenant goblin	7449	7450	7448	7513
6717	Revenant goblin	7449	7450	7448	7513
6718	Revenant goblin	7449	7450	7448	7513
6719	Revenant goblin	7449	7450	7448	7513
6720	Revenant icefiend	7481	7483	7482	7519
6721	Revenant pyrefiend	7481	7483	7482	7519
6722	Revenant hobgoblin	7418	7420	7419	7516
6723	Revenant vampire	7427	7429	7428	7520
6724	Revenant werewolf	7397	7399	7398	7521
6725	Revenant ork	7411	7413	7412	7518
6726	Revenant knight	7441	7443	7442	7522
6727	Revenant hobgoblin	7418	7420	7419	7516
6728	Revenant werewolf	7397	7399	7398	7521
6729	Revenant ork	7411	7413	7412	7518
6730	Revenant knight	7441	7443	7442	7522
6731	Queen of Snow	0	0	0	0
6732	Snow imp	0	0	0	0
6733	Snow imp	0	0	0	0
6734	Snow imp	0	0	0	0
6735	Snow imp	0	0	0	0
6736	Snow imp	0	0	0	0
6737	Snow imp	0	0	0	0
6738	Snow imp	0	0	0	0
6739	Snow imp	0	0	0	0
6740	Snow	0	0	0	0
6741	Snow	0	0	0	0
6742	Barbarian Snowman	7565	7559	7560	0
6743	Dragon snowman	7558	7559	7560	0
6744	Dwarf Snowman	7565	7559	7560	0
6745	Pirate snowman	7558	7559	7560	0
6746	Snowman	0	0	0	0
6747	Snow ranger	0	0	0	0
6748	Snow ranger	0	0	0	0
6749	Snow mage	0	0	0	0
6750	Pet shop owner	0	0	0	0
6751	Bulldog	0	0	0	0
6753	Mummy	0	0	0	0
6754	Mummy	0	0	0	0
6755	Mummy	0	0	0	0
6756	Mummy	0	0	0	0
6757	Mummy	0	0	0	0
6758	Mummy	0	0	0	0
6759	Mummy	0	0	0	0
6760	Mummy	0	0	0	0
6761	Dried zombie	5568	0	5569	0
6762	Dried zombie	5568	0	5569	0
6763	Dried zombie	5568	0	5569	0
6764	Skeleton	0	5513	5491	0
6765	Skeleton	0	5513	5491	0
6766	Skeleton	0	5513	5491	0
6767	Skeleton	0	5513	5491	0
6768	Skeleton	0	5513	5491	0
6769	Doorman	0	0	0	0
6770	Giant scarab	7596	0	7595	0
6771	Giant scarab	0	0	0	0
6772	Scarab larva	7657	0	7656	0
6773	Scabaras ranger	7607	0	7609	7607
6774	Scabaras lancer	7612	0	7614	0
6775	Scabaras priest	0	0	0	0
6776	Scabaras locust	7586	0	7581	0
6777	Locust lancer	7584	0	7581	0
6778	Locust ranger	5451	0	7581	5451
6779	Crocodile	7588	7590	7591	0
6780	Scabaras mage	7615	0	7616	0
6781	Scabaras mage	7620	7617	7616	0
6782	Maisa	0	0	0	0
6783	Maisa	0	0	0	0
6784	Priest	0	0	0	0
6785	Clay golem	0	0	0	0
6786	Lead archaeologist Abigail	0	0	0	0
6787	Assistant archaeologist Kerner	0	0	0	0
6788	High Priest of Scabaras	0	0	0	0
6789	High Priest of Scabaras	7612	0	7614	0
6790	High Priest of Scabaras	7607	0	7609	7607
6791	High Priest of Scabaras	0	0	0	0
6792	Vulture	0	0	0	0
6793	Spirit terrorbird	0	0	0	0
6794	Spirit terrorbird	1010	0	1013	0
6795	Spirit terrorbird	1010	0	1013	0
6796	Granite crab	8104	8105	8106	8104
6797	Granite crab	8104	8105	8106	8104
6798	Praying mantis	8069	0	8065	0
6799	Praying mantis	8069	0	8065	0
6800	Giant ent	7853	0	7854	0
6801	Giant ent	7853	0	7854	0
6802	Spirit cobra	8152	0	8153	0
6803	Spirit cobra	8152	0	8153	0
6804	Spirit dagannoth	7786	0	7780	0
6805	Spirit dagannoth	7786	0	7780	0
6806	Thorny snail	8143	8145	8143	8143
6807	Thorny snail	8143	8145	8143	8143
6808	Beaver	0	0	0	0
6809	Karamthulhu overlord	7963	0	7964	0
6810	Karamthulhu overlord	7963	0	7964	0
6811	Hydra	7935	7936	7937	0
6812	Hydra	7935	7936	7937	0
6813	Bunyip	7741	7742	7740	0
6814	Bunyip	7741	7742	7740	0
6815	War tortoise	8286	0	8285	0
6816	War tortoise	8286	0	8285	0
6817	Fruit bat	0	0	0	0
6818	Abyssal parasite	8910	0	7671	0
6819	Abyssal parasite	8910	0	7671	0
6820	Abyssal lurker	7680	0	7684	0
6821	Abyssal lurker	7680	0	7684	0
6822	Unicorn stallion	6376	6375	6377	6376
6823	Unicorn stallion	6376	6375	6377	6376
6824	Magpie	7810	5388	8012	0
6825	Dreadfowl	7810	5388	5389	7810
6826	Dreadfowl	7810	5388	5389	7810
6827	Stranger plant	8208	0	8209	0
6828	Stranger plant	8208	0	8209	0
6829	Spirit wolf	8292	8294	8295	8292
6830	Spirit wolf	8292	8294	8295	8292
6831	Desert wyrm	7795	0	7797	0
6832	Desert wyrm	7795	0	7797	0
6833	Evil turnip	8248	0	8250	0
6834	Evil turnip	8248	0	8250	0
6835	Vampire bat	8275	0	8276	0
6836	Vampire bat	8275	0	8276	0
6837	Spirit scorpion	6254	0	6256	0
6838	Spirit scorpion	6254	0	6256	0
6839	Arctic bear	4925	4928	4929	0
6840	Arctic bear	4925	0	4929	0
6841	Spirit spider	5327	5328	5329	5327
6842	Spirit spider	5327	5328	5329	5327
6843	Bloated leech	7657	0	7656	0
6844	Bloated leech	7657	0	7656	0
6845	Honey badger	7928	0	7925	0
6846	Honey badger	7928	0	7925	0
6847	Albino rat	0	0	0	0
6848	Albino rat	0	0	0	0
6849	Granite lobster	8112	8114	8113	0
6850	Granite lobster	8112	0	8113	0
6851	Macaw	0	0	8012	0
6852	Macaw	0	0	8012	0
6853	Bronze minotaur	8024	8023	8025	0
6854	Bronze minotaur	8024	0	8025	0
6855	Iron minotaur	8024	8023	8025	0
6856	Iron minotaur	8024	0	8025	0
6857	Steel minotaur	8024	8023	8025	0
6858	Steel minotaur	8024	0	8025	0
6859	Mithril minotaur	8024	8023	8025	0
6860	Mithril minotaur	8024	8023	8025	0
6861	Adamant minotaur	8024	8023	8025	0
6862	Adamant minotaur	8024	0	8025	0
6863	Rune minotaur	8024	8023	8025	0
6864	Rune minotaur	8024	8023	8025	0
6865	Smoke devil	7816	0	7818	0
6866	Smoke devil	7816	0	7818	0
6867	Bull ant	7896	0	7897	0
6868	Bull ant	7896	0	7897	0
6869	Wolpertinger	8304	8306	8305	8304
6870	Wolpertinger	8304	8306	8305	8304
6871	Compost mound	7769	0	7770	0
6872	Compost mound	7769	0	7770	0
6873	Pack yak	5782	5783	5784	5782
6874	Pack yak	5782	5783	5784	5782
6875	Spirit cockatrice	7762	0	7763	0
6876	Spirit cockatrice	7762	0	7763	0
6877	Spirit guthatrice	7762	0	7763	0
6878	Spirit guthatrice	7762	0	7763	0
6879	Spirit saratrice	7762	0	7763	0
6880	Spirit saratrice	7762	0	7763	0
6881	Spirit zamatrice	7762	0	7763	0
6882	Spirit zamatrice	7762	0	7763	0
6883	Spirit pengatrice	7762	0	7763	0
6884	Spirit pengatrice	7762	0	7763	0
6885	Spirit coraxatrice	7762	0	7763	0
6886	Spirit coraxatrice	7762	0	7763	0
6887	Spirit vulatrice	7762	0	7763	0
6888	Spirit vulatrice	7762	0	7763	0
6889	Barker toad	7260	0	7256	0
6890	Barker toad	7260	0	7256	0
6891	Penguin keeper	0	0	0	0
6892	Pet shop owner	0	0	0	0
6893	Pet shop owner	0	0	0	0
6894	Terrier	0	0	0	0
6895	Labrador	0	0	0	0
6896	Dalmatian	0	0	0	0
6897	Bulldog	0	0	0	0
6898	Pet shop owner	0	0	0	0
6899	Bulldog	0	0	0	0
6900	Hatchling dragon	0	0	0	0
6901	Baby dragon	0	0	0	0
6902	Hatchling dragon	0	0	0	0
6903	Baby dragon	0	0	0	0
6904	Hatchling dragon	0	0	0	0
6905	Baby dragon	0	0	0	0
6906	Hatchling dragon	0	0	0	0
6907	Baby dragon	0	0	0	0
6908	Baby penguin	0	0	0	0
6909	Penguin	0	0	0	0
6910	Penguin	0	0	0	0
6911	Raven chick	0	0	0	0
6912	Raven	0	0	0	0
6913	Baby raccoon	0	0	0	0
6914	Raccoon	0	0	0	0
6915	Baby gecko	0	0	0	0
6916	Gecko	0	0	0	0
6917	Baby gecko	0	0	0	0
6918	Gecko	0	0	0	0
6919	Baby squirrel	0	0	0	0
6920	Squirrel	0	0	0	0
6921	Baby squirrel	0	0	0	0
6922	Baby chameleon	0	0	0	0
6923	Chameleon	0	0	0	0
6924	Baby chameleon	0	0	0	0
6925	Chameleon	0	0	0	0
6926	Baby chameleon	0	0	0	0
6927	Chameleon	0	0	0	0
6928	Baby chameleon	0	0	0	0
6929	Chameleon	0	0	0	0
6930	Baby chameleon	0	0	0	0
6931	Chameleon	0	0	0	0
6932	Baby chameleon	0	0	0	0
6933	Chameleon	0	0	0	0
6934	Baby chameleon	0	0	0	0
6935	Chameleon	0	0	0	0
6936	Baby chameleon	0	0	0	0
6937	Chameleon	0	0	0	0
6938	Baby chameleon	0	0	0	0
6939	Chameleon	0	0	0	0
6940	Baby chameleon	0	0	0	0
6941	Chameleon	0	0	0	0
6942	Baby monkey	0	0	0	0
6943	Monkey	0	0	0	0
6944	Baby monkey	0	0	0	0
6945	Vulture chick	0	0	0	0
6946	Vulture	0	0	0	0
6947	Baby giant crab	0	0	0	0
6948	Giant crab	0	0	0	0
6949	Saradomin chick	0	0	0	0
6950	Saradomin bird	0	0	0	0
6951	Saradomin owl	0	0	0	0
6952	Zamorak chick	0	0	0	0
6953	Zamorak bird	0	0	0	0
6954	Zamorak hawk	0	0	0	0
6955	Guthix chick	0	0	0	0
6956	Guthix bird	0	0	0	0
6957	Guthix raptor	0	0	0	0
6958	Terrier puppy	0	0	0	0
6959	Terrier	0	0	0	0
6960	Greyhound puppy	0	0	0	0
6961	Greyhound	0	0	0	0
6962	Labrador puppy	0	0	0	0
6963	Labrador	0	0	0	0
6964	Dalmatian puppy	0	0	0	0
6965	Dalmatian	0	0	0	0
6966	Sheepdog puppy	0	0	0	0
6967	Sheepdog	0	0	0	0
6968	Bulldog	0	0	0	0
6969	Bulldog puppy	8304	8306	8305	0
6970	Pikkupstix	0	0	0	0
6971	Pikkupstix	0	0	0	0
6972	Druid	7181	7186	7185	0
6973	Druid	7182	0	7185	0
6974	Druid	7182	0	7185	0
6975	Druid	7181	7186	7185	0
6976	Druid	7182	0	7185	0
6977	Druid	7182	0	7185	0
6978	Druid	7182	0	7185	0
6979	Druid	7181	7186	7185	0
6980	Druid	7182	0	7185	0
6981	Druidess	7182	0	7185	0
6982	Druidess	7181	7186	7185	0
6983	Druidess	7182	0	7185	0
6984	Druidess	7181	7186	7185	0
6985	Druidess	7182	0	7185	0
6986	Druidess	7182	0	7185	0
6987	Druidess	7182	0	7185	0
6988	Pikkupstix	0	0	0	0
6989	Pikkupstix	0	0	0	0
6990	Giant wolpertinger	0	0	0	0
6991	Ibis	0	0	0	0
6992	Spirit jelly	8569	0	8570	0
6993	Spirit jelly	8569	0	8570	0
6994	Spirit kalphite	6223	0	6228	0
6995	Spirit kalphite	6223	0	6228	0
6996	Fishing spot	0	0	0	0
6997	Baby raccoon	0	0	0	0
6998	Revenant dragon	8591	8592	8593	8594
6999	Revenant dragon	8591	8592	8593	8594
7000	Dark Squall	0	0	0	0
7002	Surok Magis	0	0	0	0
7003	Fire giant	4666	4664	4668	4666
7004	Fire giant	4666	4664	4668	4666
7005	Big wolf	6559	0	6558	0
7006	Grenwall	0	0	0	0
7010	Grenwall	0	0	0	0
7011	Grenwall	0	0	0	0
7012	Pawya	0	0	0	0
7013	Earth Mound	0	0	0	0
7014	Pawya	0	0	0	0
7015	Platypus	0	0	0	0
7016	Platypus	0	0	0	0
7017	Platypus	0	0	0	0
7018	Baby platypus	0	0	0	0
7019	Baby platypus	0	0	0	0
7020	Baby platypus	0	0	0	0
7021	Platypus	0	0	0	0
7022	Platypus	0	0	0	0
7023	Platypus	0	0	0	0
7024	Baby platypus	0	0	0	0
7025	Baby platypus	0	0	0	0
7026	Baby platypus	0	0	0	0
7027	Patrick	0	0	0	0
7028	Penelope	0	0	0	0
7029	Peter	0	0	0	0
7030	Peanut	0	0	0	0
7031	Wimpy bird	0	0	0	0
7032	Diseased kebbit	0	0	0	0
7039	Diseased kebbit	0	0	0	0
7040	Fishing spot	0	0	0	0
7045	Fishing spot	0	0	0	0
7046	Fishing spot	0	0	0	0
7047	Balnea	0	0	0	0
7048	Frawd	0	0	0	0
7049	Ogress banker	0	0	0	0
7050	Ogress banker	0	0	0	0
7051	Chief Tess	0	0	0	0
7052	Seegud	0	0	0	0
7053	Chargurr	0	0	0	0
7054	Chargurr	0	0	0	0
7055	Snurgh	0	0	0	0
7058	Kringk	0	0	0	0
7059	Thump	0	0	0	0
7060	Massage table	0	0	0	0
7061	Thump	0	0	0	0
7062	Muggh	0	0	0	0
7063	Kringk	0	0	0	0
7064	Hairdryer	0	0	0	0
7065	Snert	0	0	0	0
7068	Tyke	0	0	0	0
7069	Snarrl	0	0	0	0
7070	Snarrk	0	0	0	0
7071	I'rk	0	0	0	0
7072	Thuddley	0	0	0	0
7073	Grr'bah	0	0	0	0
7074	Chomp	0	0	0	0
7075	Grubb	0	0	0	0
7076	Grunther	0	0	0	0
7077	Glum	0	0	0	0
7078	Ogress champion	8636	0	8640	0
7079	Ogress warrior	8636	0	8640	0
7080	Ogress warrior	8637	0	8641	0
7081	Ogress	8636	0	8640	0
7082	Ogress	8637	0	8641	0
7083	Flying bugs	0	0	0	0
7084	Eucalyptus ent	0	0	0	0
7085	Eucalyptus ent	0	0	0	0
7086	Eucalyptus ent	0	0	0	0
7087	Balnea	0	0	0	0
7088	Chief Tess	0	0	0	0
7089	Chargurr	0	0	0	0
7090	Wise Old Man	0	0	0	0
7091	Dawg	0	0	0	0
7105	Chaos druid	422	404	9055	422
7106	Thug	386	404	9055	0
7107	Thug	386	404	9055	0
7108	Thug	386	404	9055	0
7109	Thug	386	404	9055	0
7110	Thug	386	404	9055	0
7111	Thug	386	404	9055	0
7112	Thug	386	404	9055	0
7113	Thug	386	404	9055	0
7114	Thug	386	404	9055	0
7115	Thaki the delivery dwarf	0	0	0	0
7116	Drunken sailor	0	0	0	0
7117	Drunken sailor	0	0	0	0
7118	Catapult engineer	0	0	0	0
7119	Tyras guard	0	0	0	0
7120	Tyras guard	0	0	0	0
7121	General Hining	0	0	0	0
7122	Githan	0	0	0	0
7123	Amulet of Nature	0	0	0	0
7124	Mud	0	0	0	0
7125	Rabbit	0	0	0	0
7126	Rabbit	0	0	0	0
7127	Rabbit	0	0	0	0
7128	Farmer	0	0	0	0
7129	Farmer	0	0	0	0
7130	Farmer	0	0	0	0
7131	Farmer Blinkin	0	0	0	0
7132	Mrs. Winkin	0	0	0	0
7133	Bork	8754	8755	8756	0
7134	Bork	8754	8755	8756	0
7135	Ork legion	8760	0	8761	0
7136	Surok Magis	0	0	0	0
7137	Dagon'hai Elite	0	0	0	0
7138	Dagon'hai Monk	422	0	836	0
7139	Dagon'hai Monk	422	0	836	0
7140	Dagon'hai Monk	422	0	836	0
7141	null	426	0	836	426
7142	Guard	0	0	0	0
7143	Professor Henry	0	0	0	0
7144	Gublinch jailmate	0	0	0	0
7145	Gublinchette jailmate	0	0	0	0
7146	Gublinchette jailmate	0	0	0	0
7147	Gublinch jailmate	0	0	0	0
7148	Gublinch jailmate	0	0	0	0
7149	Gublinch jailmate	0	0	0	0
7150	Gublinch jailmate	0	0	0	0
7151	Student	0	0	0	0
7152	Student	0	0	0	0
7153	Student	0	0	0	0
7154	Student	0	0	0	0
7155	Student	0	0	0	0
7156	Student	0	0	0	0
7157	Student	0	0	0	0
7158	Cockroach drone	8785	0	8788	0
7159	Cockroach worker	8787	0	8790	0
7160	Cockroach soldier	8786	0	8789	0
7161	Mugger	422	425	836	0
7162	Mugger	422	425	836	0
7163	Villager	0	0	0	0
7165	Villager	0	0	0	0
7166	Villager	0	0	0	0
7167	Villager	0	0	0	0
7168	Kimberly	0	0	0	0
7169	Kimberly	0	0	0	0
7170	Kimberly	0	0	0	0
7171	Kennith	0	0	0	0
7172	Kennith	0	0	0	0
7173	Kennith	0	0	0	0
7174	Kennith	0	0	0	0
7175	Kennith	0	0	0	0
7176	Villager	0	0	0	0
7184	Ezekial Lovecraft	0	0	0	0
7185	Clive	0	0	0	0
7186	Katherine	0	0	0	0
7187	Katherine	0	0	0	0
7188	Clive	0	0	0	0
7189	Kent	0	0	0	0
7190	Rabbit hole	0	0	0	0
7197	Easter Bunny	0	0	0	0
7198	Bunny	0	0	0	0
7199	Bunny	0	0	0	0
7200	Guard bunny	0	0	0	0
7201	Chocatrice	0	0	0	0
7202	Rat	4933	4934	4935	4933
7203	Void Knight	0	0	0	0
7204	Rat	4933	4934	4935	4933
7205	Mouse	0	0	0	0
7206	Cockroach	0	0	0	0
7207	Spider	0	0	0	0
7208	Rabbit	0	0	0	0
7209	Snail	0	0	0	0
7210	Baby monkey	0	0	0	0
7211	Monkey	0	0	0	0
7212	Baby monkey	0	0	0	0
7213	Monkey	0	0	0	0
7214	Baby monkey	0	0	0	0
7215	Monkey	0	0	0	0
7216	Baby monkey	0	0	0	0
7217	Monkey	0	0	0	0
7218	Baby monkey	0	0	0	0
7219	Monkey	0	0	0	0
7220	Baby monkey	0	0	0	0
7221	Monkey	0	0	0	0
7222	Baby monkey	0	0	0	0
7223	Monkey	0	0	0	0
7224	Baby monkey	0	0	0	0
7225	Monkey	0	0	0	0
7226	Baby monkey	0	0	0	0
7227	Monkey	0	0	0	0
7228	Baby monkey	0	0	0	0
7229	Baby monkey	0	0	0	0
7230	Baby monkey	0	0	0	0
7231	Baby monkey	0	0	0	0
7232	Baby monkey	0	0	0	0
7233	Baby monkey	0	0	0	0
7234	Baby monkey	0	0	0	0
7235	Baby monkey	0	0	0	0
7236	Baby monkey	0	0	0	0
7237	Terrier puppy	0	0	0	0
7238	Terrier	0	0	0	0
7239	Terrier puppy	0	0	0	0
7240	Terrier	0	0	0	0
7241	Greyhound puppy	0	0	0	0
7242	Greyhound	0	0	0	0
7243	Greyhound puppy	0	0	0	0
7244	Greyhound	0	0	0	0
7245	Labrador puppy	0	0	0	0
7246	Labrador	0	0	0	0
7247	Labrador puppy	0	0	0	0
7248	Labrador	0	0	0	0
7249	Dalmatian puppy	0	0	0	0
7250	Dalmatian	0	0	0	0
7251	Dalmatian puppy	0	0	0	0
7252	Dalmatian	0	0	0	0
7253	Sheepdog puppy	0	0	0	0
7254	Sheepdog	0	0	0	0
7255	Sheepdog puppy	0	0	0	0
7256	Sheepdog	0	0	0	0
7257	Bulldog	0	0	0	0
7258	Bulldog	0	0	0	0
7259	Bulldog puppy	0	0	0	0
7260	Bulldog puppy	0	0	0	0
7261	Raven chick	0	0	0	0
7262	Raven	0	0	0	0
7263	Raven chick	0	0	0	0
7264	Raven	0	0	0	0
7265	Raven chick	0	0	0	0
7266	Raven	0	0	0	0
7267	Raven chick	0	0	0	0
7268	Raven	0	0	0	0
7269	Raven chick	0	0	0	0
7270	Raven	0	0	0	0
7271	Baby raccoon	0	0	0	0
7272	Raccoon	0	0	0	0
7273	Baby raccoon	0	0	0	0
7274	Raccoon	0	0	0	0
7275	Baby Raccoon	0	0	0	0
7276	Baby raccoon	0	0	0	0
7277	Baby gecko	0	0	0	0
7278	Baby gecko	0	0	0	0
7279	Baby gecko	0	0	0	0
7280	Baby gecko	0	0	0	0
7281	Gecko	0	0	0	0
7282	Gecko	0	0	0	0
7283	Gecko	0	0	0	0
7284	Gecko	0	0	0	0
7285	Baby gecko	0	0	0	0
7286	Baby gecko	0	0	0	0
7287	Baby gecko	0	0	0	0
7288	Baby gecko	0	0	0	0
7289	Gecko	0	0	0	0
7290	Gecko	0	0	0	0
7291	Gecko	0	0	0	0
7292	Gecko	0	0	0	0
7293	Baby giant crab	0	0	0	0
7294	Giant crab	0	0	0	0
7295	Baby giant crab	0	0	0	0
7296	Giant crab	0	0	0	0
7297	Baby giant crab	0	0	0	0
7298	Giant crab	0	0	0	0
7299	Baby giant crab	0	0	0	0
7300	Giant crab	0	0	0	0
7301	Baby squirrel	0	0	0	0
7302	Squirrel	0	0	0	0
7303	Baby squirrel	0	0	0	0
7304	Squirrel	0	0	0	0
7305	Baby squirrel	0	0	0	0
7306	Squirrel	0	0	0	0
7307	Baby squirrel	0	0	0	0
7308	Squirrel	0	0	0	0
7309	Baby squirrel	0	0	0	0
7310	Baby squirrel	0	0	0	0
7311	Baby squirrel	0	0	0	0
7312	Baby squirrel	0	0	0	0
7313	Baby penguin	0	0	0	0
7314	Penguin	0	0	0	0
7315	Penguin	0	0	0	0
7316	Baby penguin	0	0	0	0
7317	Penguin	0	0	0	0
7318	Penguin	0	0	0	0
7319	Vulture chick	0	0	0	0
7320	Vulture	0	0	0	0
7321	Vulture chick	0	0	0	0
7322	Vulture	0	0	0	0
7323	Vulture chick	0	0	0	0
7324	Vulture	0	0	0	0
7325	Vulture chick	0	0	0	0
7326	Vulture	0	0	0	0
7327	Vulture chick	0	0	0	0
7328	Vulture	0	0	0	0
7329	Swamp titan	8222	8224	8226	0
7330	Swamp titan	8222	0	8226	0
7331	Spirit mosquito	8032	8034	8033	8032
7332	Spirit mosquito	8032	8034	8033	8032
7333	Void spinner	8172	0	8176	0
7334	Void spinner	8172	0	8176	0
7335	Forge regent	7863	0	7864	0
7336	Forge regent	7863	0	7864	0
7337	Spirit larupia	5228	0	5230	0
7338	Spirit larupia	5228	0	5230	0
7339	Geyser titan	7879	7878	7880	422
7340	Geyser titan	7879	7878	7880	422
7341	Lava titan	7980	0	7979	0
7342	Lava titan	7980	0	7979	0
7343	Steel titan	8183	8185	8184	8183
7344	Steel titan	8183	8185	8184	8183
7345	Obsidian golem	8050	8051	8052	0
7346	Obsidian golem	8050	0	8052	0
7347	Talon beast	5989	0	5990	0
7348	Talon beast	5989	0	5990	0
7349	Abyssal titan	7693	0	7692	0
7350	Abyssal titan	7693	0	7692	0
7351	Void torcher	8235	0	8236	0
7352	Void torcher	8235	0	8236	0
7353	Giant chinchompa	7755	0	7758	0
7354	Giant chinchompa	7755	0	7758	0
7355	Fire titan	7834	7832	7833	7834
7356	Fire titan	7834	7832	7833	7834
7357	Moss titan	7844	7832	7843	7834
7358	Moss titan	7844	7832	7843	7834
7359	Ice titan	7845	7832	7846	7834
7360	Ice titan	7845	7832	7846	7834
7361	Spirit Tz-Kih	8257	0	8258	0
7362	Spirit Tz-Kih	8257	0	8258	0
7363	Spirit graahk	5229	0	5230	0
7364	Spirit graahk	5229	0	5230	0
7365	Spirit kyatt	5228	0	5230	0
7366	Spirit kyatt	5228	0	5230	0
7367	Void shifter	8131	0	8133	0
7368	Void shifter	8131	0	8133	0
7369	Void shifter	0	0	0	0
7370	Void ravager	8086	0	8087	0
7371	Void ravager	8086	0	8087	0
7372	Ravenous locust	0	0	0	0
7373	Ravenous locust	7994	0	7996	0
7374	Ravenous locust	7994	0	7996	0
7375	Iron titan	7946	7948	7947	0
7376	Iron titan	7946	7948	7947	0
7377	Pyrelord	8080	0	8078	0
7378	Pyrelord	8080	0	8078	0
7379	Elfinlocks	8965	8966	8967	0
7380	Missi Sissi	8965	8966	8967	0
7381	Missi Sissi	8955	8957	8956	0
7382	Uberlass	8955	8957	8956	0
7383	Uberlass	0	0	0	0
7384	Uberlass	0	0	0	0
7385	Uberlass	0	0	0	0
7386	Uberlass	0	0	0	0
7387	Sannytea	0	0	0	0
7388	Sannytea	0	0	0	0
7389	Irollsixes	0	0	0	0
7390	Irollsixes	0	0	0	0
7391	Foxyhunter	0	0	0	0
7392	Foxyhunter	0	0	0	0
7393	Foxyhunter	0	0	0	0
7394	Gabriela	0	0	0	0
7395	Teodor	0	0	0	0
7396	Aurel	0	0	0	0
7397	Cornelius	0	0	0	0
7398	Elisabeta	0	0	0	0
7399	Sorin	0	0	0	0
7400	Luscion	0	0	0	0
7401	Sergiu	0	0	0	0
7402	Radu	0	0	0	0
7403	Grigore	0	0	0	0
7404	Ileana	0	0	0	0
7405	Valeria	0	0	0	0
7406	Emilia	0	0	0	0
7407	Florin	0	0	0	0
7408	Catalina	0	0	0	0
7409	Ivan	0	0	0	0
7410	Victor	0	0	0	0
7411	Helena	0	0	0	0
7412	Mihail	0	0	0	0
7413	Nicoleta	0	0	0	0
7414	Vasile	0	0	0	0
7415	Razvan	0	0	0	0
7416	Luminata	0	0	0	0
7417	Rat	2705	2706	2707	2705
7418	Juvinate	0	0	0	0
7419	Held vampyre juvinate	0	0	0	0
7420	Hieronymus Avlafrim	0	0	0	0
7421	Sasquine Huburns	0	0	0	0
7422	Sasquine Huburns	0	0	0	0
7423	Lollery	0	0	0	0
7424	Wigglewoo	0	0	0	0
7425	Wigglewoo	0	0	0	0
7426	Orangeowns	0	0	0	0
7427	Orangeowns	0	0	0	0
7428	I like m0m	0	0	0	0
7429	I like m0m	0	0	0	0
7430	Qutiedoll	0	0	0	0
7431	Goreu	0	0	0	0
7432	Ysgawyn	0	0	0	0
7433	Arvel	0	0	0	0
7434	Mawrth	0	0	0	0
7435	Kelyn	0	0	0	0
7436	Eoin	0	0	0	0
7437	Iona	0	0	0	0
7438	Elf warrior	0	0	0	0
7439	Elf warrior	0	0	0	0
7440	Elf warrior	0	0	0	0
7441	Elf warrior	0	0	0	0
7442	Arianwyn	0	0	0	0
7443	Eudav	386	0	836	0
7444	Oronwen	0	0	0	0
7445	Banker	0	0	0	0
7446	Banker	0	0	0	0
7447	Dalldav	0	0	0	0
7448	Gethin	0	0	0	0
7449	Amaethwr	0	0	0	0
7450	Teclyn	0	0	0	0
7451	Butterfly	0	0	0	0
7452	Lapsang	0	0	0	0
7453	Lapsang	0	0	0	0
7454	Souchong	0	0	0	0
7455	Souchong	0	0	0	0
7456	Earlgrey	0	0	0	0
7457	Earlgrey	0	0	0	0
7458	Fairtrade	0	0	0	0
7459	Fairtrade	0	0	0	0
7460	Teapotspout	0	0	0	0
7461	Rat	4933	4934	4935	4933
7462	Hotwater	9130	9132	9131	9130
7463	Hotwater	9130	9132	9131	9130
7464	Sliceoflemon	0	0	0	0
7465	Sliceoflemon	0	0	0	0
7466	Milknosugar	0	0	0	0
7467	Milknosugar	0	0	0	0
7468	Randomdood	0	0	0	0
7469	Employedman	0	0	0	0
7470	Heidiggle	0	0	0	0
7471	Dodgy Penny	0	0	0	0
7472	Shadydude98	0	0	0	0
7473	Madam C	0	0	0	0
7474	M0m Online	0	0	0	0
7475	Lady Seenit	0	0	0	0
7476	Berrybree	0	0	0	0
7477	Stuffstuffer	0	0	0	0
7478	Learking	0	0	0	0
7479	Learking	0	0	0	0
7480	Rachael	0	0	0	0
7481	Cool Mom227	0	0	5491	0
7482	Purepker895	0	0	5491	0
7483	Pkmaster0036	0	0	5491	0
7484	Cow1337killr	0	0	5491	0
7485	Mathdude	0	0	5491	0
7486	Mathdude	0	0	5491	0
7487	1337sp34kr	0	0	5491	0
7488	1337sp34kr	0	0	5491	0
7489	Moglewee	0	0	0	0
7490	Moglewee	0	0	0	0
7491	Sarah Domin	0	0	0	0
7492	Sarah Domin	9705	0	836	0
7493	Sarah Domin	9715	0	836	0
7494	Sue Spammers	9705	0	836	0
7495	Killerwail	9715	0	836	0
7496	Wise Old Man	9705	0	836	0
7497	Sabre-toothed kyatt	0	0	0	0
7498	Snowy knight	0	0	0	0
7499	Sapphire glacialis	0	0	0	0
7500	Cerulean twitch	0	0	0	0
7501	Abone	0	0	0	0
7502	Mythmaster	0	0	0	0
7503	Donkey Wrong	0	0	0	0
7504	Creapantic	0	0	0	0
7505	Frondlike	0	0	0	0
7506	Happy Spud	0	0	0	0
7507	Nobodyhere	0	0	0	0
7508	Bluehairlass	0	0	0	0
7509	Evil Wibbler	0	0	0	0
7510	Ilikekebabs	0	0	0	0
7511	Trunka Lex	0	0	0	0
7512	Val Razz	0	0	0	0
7513	Abstractclas	0	0	0	0
7514	Bigbluebox	0	0	0	0
7515	Funorbrox	0	0	0	0
7516	Heresjohnny	0	0	0	0
7517	Mogglewump	0	0	0	0
7518	Morrisnorris	0	0	0	0
7519	Matt Blitzer	0	0	0	0
7520	Ketchuppl0x	0	0	0	0
7521	Renderorder	0	0	0	0
7522	Boolean	0	0	0	0
7523	Stress Diva	0	0	0	0
7524	Treadsoftly	0	0	0	0
7525	Helphelphelp	0	0	0	0
7526	Doorbellpl0x	0	0	0	0
7527	Fixmydoorup	0	0	0	0
7528	Redheadmonky	395	425	836	0
7529	Wallscaler	0	0	0	0
7530	2scompany	0	0	0	0
7531	2scompany	0	0	0	0
7532	3sacrowd	0	0	0	0
7533	4sjustsilly	0	0	0	0
7534	Roadblocked	0	0	0	0
7535	Barricade	0	0	0	0
7536	Barricade	0	0	0	0
7537	Yoinker	0	0	0	0
7538	Yoinker	0	0	0	0
7539	Stopthief	0	0	0	0
7540	Stopthief	0	0	0	0
7541	Knickknack	0	0	0	0
7542	Paddywhack	0	0	0	0
7543	Giveadog	0	0	0	0
7544	Spacebadgers	0	0	0	0
7545	Freakypeaky	0	0	0	0
7546	Rollinghome	0	0	0	0
7547	Nullpointer	0	0	0	0
7548	Badgerfreak	0	0	0	0
7549	Windstrike32	0	0	0	0
7550	Void Knight	0	0	0	0
7551	Portal	0	0	0	0
7552	Portal	0	0	0	0
7553	Portal	0	0	0	0
7554	Portal	0	0	0	0
7555	Portal	0	0	0	0
7556	Portal	0	0	0	0
7557	Portal	0	0	0	0
7558	Portal	0	0	0	0
7559	Brawler	0	0	0	0
7560	Lostme	0	0	0	0
7561	Chiercat	0	0	0	0
7562	Skydischarge	0	0	0	0
7563	Agplus	0	0	0	0
7564	Distantthin	0	0	0	0
7565	Allmarshes	0	0	0	0
7566	Explosive67	0	0	0	0
7567	Wraithboss	0	0	0	0
7568	What Goudron	0	0	0	0
7569	Alpha1beta	0	0	0	0
7570	Solltalk	0	0	0	0
7571	Hm Val	0	0	0	0
7572	Wizzydumped	0	0	0	0
7573	Oddskater	0	0	0	0
7574	Lvzyoda	0	0	0	0
7575	Airstriker	0	0	0	0
7576	Droepedoff	0	0	0	0
7577	Plzpudding	0	0	0	0
7578	Assassin10	0	0	0	0
7579	Steallake	0	0	0	0
7580	Poledragon	0	0	0	0
7581	Deepkiwi	0	0	0	0
7582	Al Truism	0	0	0	0
7583	Ohhhhdude	0	0	0	0
7584	Bigface Oz	0	0	0	0
7585	Torcher	0	0	0	0
7586	Torcher	0	0	0	0
7587	Torcher	0	0	0	0
7588	Torcher	0	0	0	0
7589	Defiler	0	0	0	0
7590	Defiler	0	0	0	0
7591	Shifter	0	0	0	0
7592	Shifter	0	0	0	0
7593	Shifter	0	0	0	0
7594	Shifter	0	0	0	0
7595	Splatter	0	0	0	0
7596	Splatter	0	0	0	0
7597	Splatter	0	0	0	0
7598	Spinner	0	0	0	0
7599	Ravager	0	0	0	0
7600	Fiara	0	0	0	0
7601	Reggie	0	0	0	0
7602	Getorix	0	0	0	0
7603	Pontimer	0	0	0	0
7604	Alran	0	0	0	0
7605	Banker	0	0	0	0
7606	Vyrewatch	0	0	0	0
7607	Vyrewatch	0	0	0	0
7608	Vyrewatch	0	0	0	0
7609	Vyrewatch	0	0	0	0
7610	Flying female vampire	0	0	0	0
7611	Flying female vampire	0	0	0	0
7612	Flying female vampire	0	0	0	0
7613	Flying female vampire	0	0	0	0
7614	Vyrewatch	0	0	0	0
7615	Vyrewatch	0	0	0	0
7616	Vyrewatch	0	0	0	0
7617	Vyrewatch	0	0	0	0
7618	Vyrewatch	0	0	0	0
7619	Vyrewatch	0	0	0	0
7620	Vyrewatch	0	0	0	0
7621	Vyrewatch	0	0	0	0
7622	Vyrewatch	0	0	0	0
7623	Vyrewatch	0	0	0	0
7624	Vyrewatch	0	0	0	0
7625	Vyrewatch	0	0	0	0
7626	Vyrewatch	0	0	0	0
7627	Vyrewatch	0	0	0	0
7628	Vyrewatch	0	0	0	0
7629	Vyrewatch	0	0	0	0
7630	Vyrewatch	0	0	0	0
7631	Vyrewatch	0	0	0	0
7632	Vyrewatch	0	0	0	0
7633	Vyrewatch	0	0	0	0
7634	Vyrewatch	0	0	0	0
7635	Vyrewatch	0	0	0	0
7636	Fishing spot	0	0	0	0
7637	Skeletal hand	0	0	0	0
7640	Skeletal hand	9125	9127	9126	9125
7641	Zombie hand	9125	9127	9126	9125
7642	Mutated bloodveld	9102	0	9131	0
7643	Mutated bloodveld	9102	0	9131	0
7644	Zaromark Sliver	0	0	0	0
7645	Zaromark Sliver	0	0	0	0
7646	Zaromark Sliver	0	0	0	0
7647	Zaromark Sliver	0	0	0	0
7648	Zaromark Sliver	0	0	0	0
7649	Zaromark Sliver	0	0	0	0
7650	Zaromark Sliver	0	0	0	0
7651	Zaromark Sliver	0	0	0	0
7652	Zaromark Sliver	0	0	0	0
7653	Zaromark Sliver	0	0	0	0
7654	Fistandantilus	0	0	0	0
7655	Fistandantilus	0	0	0	0
7656	Fistandantilus	0	0	0	0
7657	Fistandantilus	0	0	0	0
7658	Fistandantilus	0	0	0	0
7659	Fistandantilus	0	0	0	0
7660	Fistandantilus	0	0	0	0
7661	Fistandantilus	0	0	0	0
7662	Fistandantilus	0	0	0	0
7663	Fistandantilus	0	0	0	0
7664	Mercenary Adventurer	0	0	0	0
7665	Ivan Strom	0	0	0	0
7666	Mysterious person	0	0	0	0
7667	Mysterious person	0	0	0	0
7668	Mysterious person	0	0	0	0
7669	Mysterious person	0	0	0	0
7670	Mysterious person	0	0	0	0
7671	Mysterious person	0	0	0	0
7672	Flaygian Screwte	0	0	0	0
7673	Mekritus A'hara	0	0	0	0
7674	Andiess Juip	0	0	0	0
7675	Kael Forshaw	0	0	0	0
7676	Andiess Juip	0	0	0	0
7677	Kael Forshaw	0	0	0	0
7678	Safalaan	0	0	0	0
7679	Andiess Juip	0	0	0	0
7680	Kael Forshaw	0	0	0	0
7681	Safalaan	0	0	0	0
7682	Vyrewatch	0	0	0	0
7683	Vyrewatch	0	0	0	0
7684	Vyrewatch	0	0	0	0
7685	Vyrewatch	0	0	0	0
7686	Safalaan	0	0	0	0
7687	Spectral Vyrewatch	0	0	0	0
7688	Drezel	0	0	0	0
7690	Drezel	0	0	0	0
7691	Vyrewatch	0	0	0	0
7692	Vyrewatch	0	0	0	0
7693	Vyrewatch	0	0	0	0
7694	Vyrewatch	0	0	0	0
7695	Vyrewatch	0	0	0	0
7696	Vyrewatch	0	0	0	0
7697	Vyrewatch	0	0	0	0
7698	Vyrewatch	0	0	0	0
7699	Vyrewatch	0	0	0	0
7700	Vyrewatch	0	0	0	0
7701	Vyrewatch	0	0	0	0
7702	Vyrewatch	0	0	0	0
7703	Vyrewatch	0	0	0	0
7704	Vyrewatch	0	0	0	0
7705	Vyrewatch	0	0	0	0
7706	Vyrewatch	0	0	0	0
7707	Drezel	0	0	0	0
7708	Temple guardian	0	0	0	0
7711	Temple guardian	6565	0	6564	0
7712	Baby icefiend	0	0	0	0
7713	Baby icefiend	8080	8084	8078	0
7714	Icefiend	8080	0	8078	0
7715	Icefiend	8080	0	8078	0
7716	null	8080	0	8078	0
7718	Brother Bordiss	0	0	0	0
7719	Brother Althric	0	0	0	0
7720	Drorkar	0	0	0	0
7721	Nurmof	0	0	0	0
7722	Lakki the delivery dwarf	0	0	0	0
7723	Drorkar	0	0	0	0
7724	Brother Bordiss	0	0	0	0
7725	Professor Arblenap	0	0	0	0
7726	Assistant	0	0	0	0
7727	Monk	422	0	836	0
7728	Baby icefiend	0	0	0	0
7736	Baby icefiend	8080	8084	8078	0
7737	Will	0	0	0	0
7738	Will	0	0	0	0
7739	Phil	0	0	0	0
7740	Jiggling crate	0	0	0	0
7741	Three little kittens	0	0	836	0
7742	Fluffs	0	0	0	0
7743	Fluffs	0	0	0	0
7744	Kittens	0	0	0	0
7746	TzHaar-Mej-Malk	0	0	0	0
7747	TzHaar-Xil-Tog	0	0	0	0
7748	TzHaar-Hur-Frok	0	0	0	0
7749	TzHaar-Ket-Grol	0	0	0	0
7750	TzHaar-Ket-Rok	0	0	0	0
7751	TzHaar-Ket-Lurk	0	0	0	0
7752	TzHaar-Mej-Lor	0	0	0	0
7753	TzHaar-Mej	0	0	0	0
7754	TzHaar-Hur	0	0	0	0
7755	TzHaar-Xil	0	0	0	0
7756	Library assistant	0	0	0	0
7757	TzHaar-Hur-Brekt	0	0	0	0
7758	TzHaar-Hur-Brekt	0	0	0	0
7759	TzHaar-Ket-Jok	0	0	0	0
7760	TzHaar-Ket-Jok	0	0	0	0
7761	TzHaar-Xil-Mor	0	0	0	0
7762	TzHaar-Xil-Mor	0	0	0	0
7763	TzHaar-Mej-Kol	0	0	0	0
7764	TzHaar-Mej-Kol	0	0	0	0
7765	TzHaar-Hur-Klag	0	0	0	0
7766	TzHaar-Hur-Klag	0	0	0	0
7767	TzHaar-Hur	9286	9287	9288	9286
7768	TzHaar-Hur	9286	9287	9288	9286
7769	TzHaar-Hur	9286	9287	9288	9286
7770	TokTz-Ket-Dill	0	0	0	0
7771	TokTz-Ket-Dill	0	0	0	0
7772	Lava monster	9337	0	9340	0
7773	Fire monster	9341	0	9344	0
7774	Skeleton	0	0	0	0
7775	Skeleton	0	0	0	0
7776	Skeleton	0	0	0	0
7777	Skeleton	0	0	0	0
7778	Skeleton	0	0	0	0
7779	Sumona	0	0	0	0
7781	Jesmona	0	0	0	0
7782	Catolax	0	0	0	0
7783	Ali Cat	0	0	0	0
7786	Mighty banshee	9449	9451	9450	9382
7787	Cave crawler	0	0	0	0
7788	Skeleton	0	0	0	0
7789	Zombie	0	0	0	0
7790	Zombie	0	0	0	0
7791	Zombie	0	0	0	0
7792	Zombie	0	0	0	0
7793	Banshee mistress	0	0	0	0
7794	Banshee mistress	0	0	0	0
7795	Insectoid assassin	0	0	0	0
7796	Insectoid assassin	0	0	0	0
7797	Kurask overlord	0	0	0	0
7798	Monstrous cave crawler	0	0	0	0
7799	Basilisk boss	0	0	0	0
7800	Mightiest turoth	0	0	0	0
7801	Aberrant spectre	0	0	0	0
7802	Aberrant spectre	0	0	0	0
7803	Aberrant spectre	0	0	0	0
7804	Aberrant spectre	0	0	0	0
7805	Kurask minion	0	0	0	0
7806	Mummy warrior	0	0	0	0
7807	Mummy warrior	0	0	0	0
7808	Mummy warrior	0	0	0	0
7809	Cat	0	0	0	0
7810	Banshee	0	0	0	0
7811	Kurask	0	0	0	0
7812	Cave crawler	0	0	0	0
7813	Basilisk	0	0	0	0
7814	Turoth	0	0	0	0
7815	Skeleton	0	0	0	0
7816	Master	0	0	0	0
7817	Zombie	0	0	0	0
7818	Zombie	0	0	0	0
7819	Zombie	0	0	0	0
7820	Zombie	0	0	0	0
7821	A wanderer.	0	0	0	0
7822	A wanderer.	0	0	0	0
7823	Wall Beast	1802	1803	1804	0
7824	Osman	0	0	0	0
7825	50 Ships Mufassah	0	0	0	0
7826	Karamthulhu	0	0	0	0
7827	Karamthulhu	0	0	0	0
7828	Giant lobster	0	0	0	0
7829	Giant crab	0	0	0	0
7830	Customs Sergeant	0	0	0	0
7831	Customs Sergeant	0	0	0	0
7832	Young Ralph	0	0	0	0
7833	Young Ralph	0	0	0	0
7834	Young Ralph	0	0	0	0
7835	Young Ralph	0	0	0	0
7836	Young Ralph	0	0	0	0
7837	Customs Officer	0	0	0	0
7838	Customs Officer	0	0	0	0
7839	Customs Officer	0	0	0	0
7840	Heavy-Handed Harry	0	0	0	0
7841	Player	0	0	0	0
7842	Locker Officer	0	0	0	0
7843	Locker Officer	0	0	0	0
7844	Ex-ex-parrot	0	0	0	0
7845	Pirate impling	0	0	0	0
7846	Pirate impling	0	0	0	0
7847	Captain Rabid Jack	0	0	0	0
7848	Jack	0	0	0	0
7849	Bosun Giles	0	0	0	0
7850	Pirate	0	0	0	0
7851	Lizzie	0	0	0	0
7852	Cap'n Izzy No-Beard	0	0	0	0
7853	Ralph	0	0	0	0
7854	Brass Hand Harry	0	0	0	0
7855	Bill Teach	0	0	0	0
7856	Pirate	0	0	0	0
7857	Brass Hand Harry	0	0	0	0
7858	Gull	0	0	0	0
7861	Jack	0	0	0	0
7862	Fishing spot	0	0	0	0
7863	Fishing spot	0	0	0	0
7864	Fishing spot	0	0	0	0
7865	Guardsman Dante	0	0	0	0
7866	Guardsman DeShawn	0	0	0	0
7867	Guardsman Brawn	0	0	0	0
7868	Iain	0	0	0	0
7869	Julian	0	0	0	0
7870	Lachtopher	0	0	0	0
7871	Samuel	0	0	0	0
7872	Victoria	0	0	0	0
7873	Man	0	0	0	0
7874	Man	0	0	0	0
7875	Man	0	0	0	0
7876	Man	0	0	0	0
7877	Man	0	0	0	0
7878	Man	0	0	0	0
7879	Man	0	0	0	0
7880	Woman	0	0	0	0
7881	Woman	0	0	0	0
7882	Woman	0	0	0	0
7883	Woman	0	0	0	0
7884	Woman	0	0	0	0
7885	Guardsman Dante	0	0	0	0
7886	Guardsman DeShawn	0	0	0	0
7887	Guardsman Brawn	0	0	0	0
7888	Sergeant Abram	0	0	0	0
7889	Guardsman Pazel	0	0	0	0
7890	Guardsman Peale	0	0	0	0
7891	Melee dummy	94	0	97	0
7892	General Wartface	0	0	0	0
7893	General Bentnoze	0	0	0	0
7894	General Wartface	0	0	0	0
7896	General Bentnoze	0	0	0	0
7898	Loar Shadow	0	0	0	0
7901	Loar Shadow	0	0	0	0
7902	Sergeant Abram	0	0	0	0
7903	Guardsman Pazel	0	0	0	0
7904	Guardsman Peale	0	0	0	0
7905	Barricade guard	0	0	0	0
7906	Barricade guard	0	0	0	0
7907	Barricade guard	0	0	0	0
7908	Barricade guard	0	0	0	0
7909	Barricade guard	0	0	0	0
7910	Barricade guard	0	0	0	0
7911	Barricade guard	0	0	0	0
7912	Border guard	0	0	0	0
7913	Iain	0	0	0	0
7914	Julian	0	0	0	0
7915	Lachtopher	0	0	0	0
7916	Samuel	0	0	0	0
7917	Victoria	0	0	0	0
7918	Man	0	0	0	0
7919	Man	0	0	0	0
7920	Man	0	0	0	0
7921	Man	0	0	0	0
7922	Man	0	0	0	0
7923	Man	0	0	0	0
7924	Man	0	0	0	0
7925	Woman	0	0	0	0
7926	Woman	0	0	0	0
7927	Woman	0	0	0	0
7928	Woman	0	0	0	0
7929	Lumbridge Guide	0	0	0	0
7930	Doomsayer	0	0	0	0
7931	Donie	0	0	0	0
7932	Gee	0	0	0	0
7933	Duke Horacio	0	0	0	0
7934	Sigmund	0	0	0	0
7935	Hans	0	0	0	0
7936	Cook	0	0	0	0
7937	Father Aereck	0	0	0	0
7938	Sir Vant	0	0	0	0
7939	Sir Vant	0	0	0	0
7940	Sir Vant	0	0	0	0
7941	Sir Vant	0	0	0	0
7942	Sir Vant	0	0	0	0
7943	Dragon	0	0	0	0
7944	Dragon	0	0	0	0
7945	Dragon	0	0	0	0
7946	Dragon	0	0	0	0
7947	Dragon	0	0	0	0
7948	Dragon	0	0	0	0
7949	Lumbridge Guide	0	0	0	0
7950	Melee Tutor	0	0	0	0
7951	Ranged Tutor	0	0	0	0
7952	Magic Tutor	0	0	0	0
7953	Cooking Tutor	0	0	0	0
7954	Crafting Tutor	0	0	0	0
7955	Fishing Tutor	0	0	0	0
7956	Mining Tutor	0	0	0	0
7957	Prayer Tutor	0	0	0	0
7958	Smelting Tutor	0	0	0	0
7959	Smelting Tutor	0	0	0	0
7960	Woodcutting Tutor	0	0	0	0
7961	Bank Tutor	0	0	0	0
7962	Gee	0	0	0	0
7963	Spirit	0	0	0	0
7964	Goblin	0	0	0	0
7965	Goblin	0	0	0	0
7966	Chaos druid	0	0	0	0
7967	Shopkeeper	0	0	0	0
7968	Explorer Jack	0	0	0	0
7969	Explorer Jack	0	0	0	0
7970	Smithing Tutor	0	0	0	0
7971	Mining Tutor	0	0	0	0
7972	Spirit	0	0	0	0
7977	Spirit	0	0	0	0
7978	Spirit	0	0	0	0
7979	Spirit	0	0	0	0
7980	Spirit	0	0	0	0
7981	Spirit	0	0	0	0
7982	Spirit	0	0	0	0
7983	Spirit	0	0	0	0
7984	Spirit	0	0	0	0
7985	Summer Bonde	0	0	0	0
7987	Spirit	0	0	0	0
7988	Spirit	0	0	0	0
7989	Erik Bonde	0	0	0	0
7990	Spirit	0	0	0	0
7991	Jallek Lenkin	0	0	0	0
7992	Spirit	0	0	0	0
7993	Meranek Thanatos	0	0	0	0
7994	Ghostly warrior	0	0	0	0
7995	Spirit Beast	0	0	0	0
7996	Spirit Beast	0	0	0	0
7997	Spirit Beast	0	0	0	0
7998	Ghost	0	0	0	0
7999	Ghost	0	0	0	0
8000	Goth leprechaun	0	0	0	0
8001	Jack	0	0	0	0
8003	Sarah	0	0	0	0
8004	Laura	0	0	0	0
8005	Laura	0	0	0	0
8006	Roger	0	0	0	0
8007	Jorral	0	0	0	0
8008	Guthix	0	0	0	0
8009	Max the traveller	0	0	0	0
8010	Man	0	0	0	0
8011	Man	0	0	0	0
8012	Woman	0	0	0	0
8013	Woman	0	0	0	0
8014	Haluned	0	0	0	0
8015	Jack	0	0	0	0
8016	Baby Sarah	0	0	0	0
8017	Snowy	0	0	0	0
8018	Roger	0	0	0	0
8019	Portal	0	0	0	0
8020	Portal	0	0	0	0
8021	Yellow orb	0	0	0	0
8023	Yellow orb	0	0	0	0
8024	Yellow orb	0	0	0	0
8025	Green orb	0	0	0	0
8027	Green orb	0	0	0	0
8028	Green orb	0	0	0	0
8029	Wizard Korvak	0	0	0	0
8030	Wizard Vief	0	0	0	0
8031	Wizard Acantha	0	0	0	0
8032	Wizard Elriss	0	0	0	0
8033	Wizard	0	0	0	0
8034	Wizard	0	0	0	0
8035	Wizard	0	0	0	0
8036	Wizard	0	0	0	0
8037	Wizard	0	0	0	0
8038	Wizard	0	0	0	0
8039	Wizard	0	0	0	0
8040	Wizard	0	0	0	0
8041	Imiago	0	0	0	0
8042	Squire Fyre	0	0	0	0
8043	Squire Fyre	0	0	0	0
8044	Orry	0	0	0	0
8045	Orry	0	0	0	0
8046	Ube	0	0	0	0
8047	Ube	0	0	0	0
8048	Waldo	0	0	0	0
8049	Waldo	0	0	0	0
8050	Gjalp	0	0	0	0
8051	Gjalp	0	0	0	0
8052	Brother Fintan	0	0	0	0
8053	Brother Fintan	0	0	0	0
8054	Stubthumb	0	0	0	0
8055	Stubthumb	0	0	0	0
8056	Stubthumb	0	0	0	0
8057	Doronbol	0	0	0	0
8058	Doronbol	0	0	0	0
8059	Crate	0	0	0	0
8060	Crate	0	0	0	0
8061	Egg	0	0	0	0
8062	Egg	0	0	0	0
8063	Nanuq	0	0	0	0
8064	Nanuq	0	0	0	0
8065	Pumpkin	0	0	0	0
8077	Pumpkin	0	0	0	0
8078	Maggie	0	0	0	0
8079	Circus barker	0	0	0	0
8080	Circus barker	0	0	0	0
8081	Circus barker	0	0	0	0
8082	Agility assistant	0	0	0	0
8083	Magic assistant	0	0	0	0
8084	Ranged assistant	0	0	0	0
8085	Ringmaster	0	0	0	0
8086	Audience	0	0	0	0
8087	Audience	0	0	0	0
8088	Ticket vendor	0	0	0	0
8089	Rock	0	0	0	0
8091	Star sprite	0	0	0	0
8092	Shooting star shadow	0	0	0	0
8093	Penguin	0	0	0	0
8094	Penguin	0	0	0	0
8095	Penguin	0	0	0	0
8096	Penguin	0	0	0	0
8097	Penguin	0	0	0	0
8098	Penguin	0	0	0	0
8099	Penguin	0	0	0	0
8100	Penguin	0	0	0	0
8101	Penguin	0	0	0	0
8102	Penguin	0	0	0	0
8103	Penguin	0	0	0	0
8104	Barrel	0	0	0	0
8105	Bush	0	0	0	0
8106	Bush	0	0	0	0
8107	Cactus	0	0	0	0
8108	Crate	0	0	0	0
8109	Rock	0	0	0	0
8110	Toadstool	0	0	0	0
8111	Calladin	0	0	0	0
8112	Summer Bonde	0	0	0	0
8114	Summer Bonde	0	0	0	0
8115	Erik Bonde	0	0	0	0
8116	Erik Bonde	0	0	0	0
8117	Jallek Lenkin	0	0	0	0
8118	Jallek Lenkin	0	0	0	0
8119	Meranek Thanatos	0	0	0	0
8120	Meranek Thanatos	0	0	0	0
8121	Spirit	0	0	0	0
8122	Rogue	0	0	0	0
8123	Tormented wraith	0	0	0	0
8126	Dark energy core	0	0	0	0
8127	Dark energy core	0	0	0	0
8128	Spirit Beast	0	0	0	0
8129	Spirit Beast	0	0	0	0
8130	Spirit Beast	0	0	0	0
8131	Spirit Beast	0	0	0	0
8132	Spirit Beast	0	0	0	0
8133	Corporeal Beast	10058	10386	10385	0
8134	Spirit	0	0	0	0
8135	Summer Bonde	0	0	0	0
8136	Erik Bonde	0	0	0	0
8137	Jallek Lenkin	0	0	0	0
8138	Meranek Thanatos	0	0	0	0
8139	Hartwin	0	0	0	0
8140	Hartwin	0	0	0	0
8141	Zombie	0	0	0	0
8143	Zombie	0	0	0	0
8144	Zombie	0	0	0	0
8145	Zombie	0	0	0	0
8146	Zemouregal	0	0	0	0
8147	Zemouregal	0	0	0	0
8149	Armoured zombie	5571	5574	5575	0
8150	Armoured zombie	5571	5574	5575	0
8151	Armoured zombie	5571	5574	5575	0
8152	Armoured zombie	0	0	0	0
8153	Armoured zombie	0	0	0	0
8154	Armoured zombie	0	0	0	0
8155	Armoured zombie	0	0	0	0
8156	Armoured zombie	0	0	0	0
8157	Armoured zombie	0	0	0	0
8158	Armoured zombie	0	0	0	0
8159	Armoured zombie	0	0	0	0
8160	Armoured zombie	0	0	0	0
8161	Armoured zombie	0	0	0	0
8162	Armoured zombie	0	0	0	0
8163	Armoured zombie	0	0	0	0
8164	Armoured zombie	0	0	0	0
8165	Sharathteerk	0	0	0	0
8166	Sharathteerk	0	0	0	0
8168	Arrav	0	0	0	0
8169	Arrav	0	0	0	0
8170	Ramarno	0	0	0	0
8171	Dimintheis	0	0	0	0
8172	Dimintheis	0	0	0	0
8173	Guard	0	0	0	0
8174	Clive	0	0	0	0
8175	Ellamaria	0	0	0	0
8176	Fish	0	0	0	0
8177	Fish	0	0	0	0
8178	Monk of Zamorak	0	0	0	0
8179	Ellamaria	0	0	0	0
8180	Traiborn	0	0	0	0
8181	Fenkenstrain's Monster	0	0	0	0
8182	Wise Old Man	0	0	0	0
8183	Acrobat	0	0	0	0
8186	Acrobat	0	0	0	0
8187	Acrobat	0	0	0	0
8188	Acrobat	0	0	0	0
8189	Acrobat	0	0	0	0
8190	Acrobat	0	0	0	0
8191	Acrobat	0	0	0	0
8192	Acrobat	0	0	0	0
8193	Acrobat	0	0	0	0
8194	Acrobat	0	0	0	0
8195	Acrobat	0	0	0	0
8196	Acrobat	0	0	0	0
8197	Acrobat	0	0	0	0
8198	Acrobat	0	0	0	0
8199	Acrobat	0	0	0	0
8200	Acrobat	0	0	0	0
8201	Wendy	0	0	0	0
8202	Trogs	0	0	0	0
8203	Norman	0	0	0	0
8204	Babe	0	0	0	0
8205	Gus	0	0	0	0
8206	Lottie	0	0	0	0
8207	Aggie	0	0	0	0
8208	Bat	0	0	0	0
8209	Rat	0	0	0	0
8210	Lizard	0	0	0	0
8211	Blackbird	0	0	0	0
8212	Spider	0	0	0	0
8213	Snail	0	0	0	0
8214	Cat	0	0	0	0
8215	Lazy cat	0	0	0	0
8216	Overgrown cat	0	0	0	0
8217	Kitten	0	0	0	0
8218	Wily cat	0	0	0	0
8219	Guardian of Armadyl	0	0	0	0
8227	Head mystic	0	0	0	0
8228	Rewards mystic	0	0	0	0
8229	Mystic	0	0	0	0
8230	Mystic	0	0	0	0
8231	Mystic	0	0	0	0
8232	Mystic	0	0	0	0
8233	Mystic	0	0	0	0
8234	Mystic	0	0	0	0
8235	Mystic	0	0	0	0
8236	Mystic	0	0	0	0
8237	Mystic	0	0	0	0
8238	Mystic	0	0	0	0
8239	Head mystic	0	0	0	0
8240	Clay familiar (class 1)	0	0	0	0
8241	Clay familiar (class 1)	0	0	0	0
8242	Clay familiar (class 2)	0	0	0	0
8243	Clay familiar (class 2)	0	0	0	0
8244	Clay familiar (class 3)	0	0	0	0
8245	Clay familiar (class 3)	0	0	0	0
8246	Clay familiar (class 4)	0	0	0	0
8247	Clay familiar (class 4)	0	0	0	0
8248	Clay familiar (class 5)	0	0	0	0
8249	Clay familiar (class 5)	0	0	0	0
8250	Grindxplox	0	0	0	0
8251	Grindxplox	0	0	0	0
8252	Stealing Creation team	0	0	0	0
8253	Resource NPC	0	0	0	0
8254	Game NPC	0	0	0	0
8255	Resource NPC	0	0	0	0
8257	Harrallak Menarous	0	0	0	0
8269	Yadech Strongarm	0	0	0	0
8271	Turael	0	0	0	0
8273	Turael	0	0	0	0
8274	Mazchna	0	0	0	0
8275	Duradel	0	0	0	0
8276	Cyrisus	0	0	0	0
8280	Sloane	0	0	0	0
8281	Balance Elemental	0	0	0	0
8282	Balance Elemental	0	0	0	0
8283	Balance Elemental	0	0	0	0
8284	Balance Elemental	0	0	0	0
8285	Balance Elemental	0	0	0	0
8286	Undead hero	0	0	0	0
8287	Undead hero	0	0	0	0
8288	Undead hero	0	0	0	0
8289	Undead hero	0	0	0	0
8290	Undead hero	0	0	0	0
8291	Undead hero	0	0	0	0
8292	Undead hero	0	0	0	0
8293	Undead hero	0	0	0	0
8294	Undead hero	0	0	0	0
8295	Undead hero	0	0	0	0
8296	Undead hero	0	0	0	0
8297	Undead hero	0	0	0	0
8298	Stone block	0	0	0	0
8299	Harrallak Menarous	0	0	0	0
8300	Harrallak Menarous	0	0	0	0
8301	Harrallak Menarous	0	0	0	0
8302	Turael	0	0	0	0
8303	Turael	0	0	0	0
8304	Cyrisus	0	0	0	0
8305	Cyrisus	0	0	0	0
8306	Ghommal	0	0	0	0
8307	Mazchna	0	0	0	0
8308	Mazchna	0	0	0	0
8309	Mazchna	0	0	0	0
8310	Duradel	0	0	0	0
8311	Sloane	0	0	0	0
8317	Elite Dark Ranger	0	0	0	0
8318	Elite Dark Ranger	0	0	0	0
8319	Elite Dark Ranger	0	0	0	0
8320	Elite Dark Mage	0	0	0	0
8321	Elite Dark Mage	0	0	0	0
8322	Elite Dark Mage	0	0	0	0
8323	Elite Dark Mage	0	0	0	0
8324	Elite Black Knight	0	0	0	0
8325	Elite Black Knight	0	0	0	0
8326	Elite Black Knight	0	0	0	0
8327	Elite Black Knight	0	0	0	0
8328	Elite Black Knight	0	0	0	0
8329	Elite Black Knight	0	0	0	0
8330	Elite Black Knight	0	0	0	0
8331	Guardian of Armadyl	0	0	0	0
8332	Guardian of Armadyl	0	0	0	0
8333	Guardian of Armadyl	0	0	0	0
8334	Mercenary axeman	0	0	0	0
8335	Mercenary mage	0	0	0	0
8336	Idria	0	0	0	0
8337	Idria	0	0	0	0
8338	Akrisae	0	0	0	0
8339	Shady stranger	0	0	0	0
8340	Shady stranger	0	0	0	0
8341	Shady stranger	0	0	0	0
8342	Guardian of Armadyl	0	0	0	0
8344	Guardian of Armadyl	0	0	0	0
8345	Local thug	0	0	0	0
8347	Local mage	0	0	0	0
8349	Tormented demon	10922	10923	10924	10919
8350	Tormented demon	10922	10923	10924	10919
8351	Tormented demon	10922	10923	10924	10919
8352	Tormented demon	10922	10923	10924	10919
8353	Tormented demon	10922	10923	10924	10919
8354	Tormented demon	10922	10923	10924	10919
8355	Tormented demon	10922	10923	10924	10919
8356	Tormented demon	10922	10923	10924	10919
8357	Tormented demon	10922	10923	10924	10919
8358	Tormented demon	10922	10923	10924	10919
8359	Tormented demon	10922	10923	10924	10919
8360	Tormented demon	10922	10923	10924	10919
8361	Tormented demon	10922	10923	10924	10919
8362	Tormented demon	10922	10923	10924	10919
8363	Tormented demon	10922	10923	10924	10919
8364	Tormented demon	10922	10923	10924	10919
8365	Tormented demon	10922	10923	10924	10919
8366	Tormented demon	10922	10923	10924	10919
8367	Undead troll	0	0	0	0
8378	Undead troll	0	0	0	0
8379	Undead troll	0	0	0	0
8380	Undead troll	0	0	0	0
8381	Undead troll	0	0	0	0
8382	Undead troll	0	0	0	0
8383	Undead troll	0	0	0	0
8384	Undead troll	0	0	0	0
8385	Undead troll	0	0	0	0
8386	Undead troll	0	0	0	0
8387	Undead troll	0	0	0	0
8388	Undead troll	0	0	0	0
8389	Undead troll	0	0	0	0
8390	Undead troll	0	0	0	0
8391	Undead troll	0	0	0	0
8392	Undead troll	0	0	0	0
8393	Vasador	0	0	0	0
8394	Valator	0	0	0	0
8395	Vaasdor	0	0	0	0
8396	Varosad	0	0	0	0
8397	Verisad	0	0	0	0
8398	Vudisor	0	0	0	0
8399	Vlatoad	0	0	0	0
8400	Vedolas	0	0	0	0
8401	Vundiar	0	0	0	0
8402	Versita	0	0	0	0
8403	Vislota	0	0	0	0
8404	Vanjuta	0	0	0	0
8405	Vasador	0	0	0	0
8406	Valator	0	0	0	0
8407	Vaasdor	0	0	0	0
8408	Varosad	0	0	0	0
8409	Verisad	0	0	0	0
8410	Vudisor	0	0	0	0
8411	Vlatoad	0	0	0	0
8412	Vedolas	0	0	0	0
8413	Vundiar	0	0	0	0
8414	Versita	0	0	0	0
8415	Vislota	0	0	0	0
8416	Vanjuta	0	0	0	0
8417	Ivy Sophista	0	0	0	0
8418	Thaerisk Cemphier	0	0	0	0
8419	Thaerisk Cemphier	0	0	0	0
8420	Assassin	0	0	0	0
8423	Assassin	0	0	0	0
8424	Mithril dragon	0	0	0	0
8425	Dragon head	0	0	0	0
8426	Dragon head	0	0	0	0
8427	Dragon head	0	0	0	0
8428	Khazard launderer	0	0	0	0
8429	Khazard cook	0	0	0	0
8430	Silif	0	0	0	0
8431	Silif	0	0	0	0
8432	Silif	0	0	0	0
8433	Silif	0	0	0	0
8434	Silif	0	0	0	0
8435	Shady stranger	0	0	0	0
8436	Suspicious outsider	0	0	0	0
8437	Elite Khazard guard	0	0	0	0
8438	Elite Khazard guard	0	0	0	0
8439	Elite Khazard guard	0	0	0	0
8440	Elite Khazard guard	0	0	0	0
8441	Dark Squall	0	0	0	0
8442	Surok Magis	0	0	0	0
8443	Lucien	0	0	0	0
8444	Druid	0	0	0	0
8445	Druid	0	0	0	0
8446	Druid	0	0	0	0
8447	Druid bodyguard	0	0	0	0
8448	Druid bodyguard	0	0	0	0
8449	Movario	0	0	0	0
8450	Darve	0	0	0	0
8451	Cave goblin	0	0	0	0
8452	Movario	0	0	0	0
8453	Darve	0	0	0	0
8454	Light creature	0	0	0	0
8455	Light creature	0	0	0	0
8456	Druid spirit	0	0	0	0
8457	Druid spirit	0	0	0	0
8458	Druid spirit	0	0	0	0
8459	Druid spirit	0	0	0	0
8460	Turael	0	0	0	0
8462	Spria	0	0	0	0
8463	Mazchna	0	0	0	0
8464	Mazchna	0	0	0	0
8465	Achtryn	0	0	0	0
8466	Duradel	0	0	0	0
8467	Lapalok	0	0	0	0
8468	Laidee Gnonock	0	0	0	0
8485	Hazelmere	0	0	0	0
8486	Undead mage	0	0	0	0
8487	Wild broav	0	0	0	0
8488	Hazelmere	0	0	0	0
8490	Hazelmere	0	0	0	0
8491	Broav	0	0	0	0
8492	Sithaph	0	0	0	0
8494	Strisath	0	0	0	0
8495	Sakirth	0	0	0	0
8496	Hazelmere's hat	0	0	0	0
8497	Lucien	0	0	0	0
8498	A lazy Khazard guard	0	0	0	0
8499	Thanksgiving Turkey	0	0	0	0
8500	Cook's brother	0	0	0	0
8501	Turkey	0	0	0	0
8502	Cactus	0	0	0	0
8503	Cactus	0	0	0	0
8504	Bush	0	0	0	0
8505	Toadstool	0	0	0	0
8506	Barrel	0	0	0	0
8507	Bush	0	0	0	0
8508	Crate	0	0	0	0
8509	Bush	0	0	0	0
8510	Rock	0	0	0	0
8511	Bush	0	0	0	0
8512	Marvin	0	0	0	0
8513	Marius	0	0	0	0
8514	Benny	0	0	0	0
8515	Yeti	0	0	0	0
8516	Yeti	0	0	0	0
8517	Jack Frost	0	0	0	0
8518	Jack Frost	0	0	0	0
8519	Jack Frost	0	0	0	0
8520	Jack Frost	0	0	0	0
8521	Snow imp	0	0	0	0
8537	Snow imp	0	0	0	0
8538	Snow imp	0	0	0	0
8539	Queen of Snow	0	0	0	0
8540	Santa Claus	0	0	0	0
8541	Head snow imp	0	0	0	0
8542	Head snow imp	0	0	0	0
8543	Head snow imp	0	0	0	0
8544	Isidor	0	0	0	0
8545	Mystic	0	0	0	0
8546	Balance Elemental	0	0	0	0
8547	Wounded phoenix	0	0	0	0
8548	Phoenix	0	0	0	0
8549	Phoenix	0	0	0	0
8550	Phoenix eggling	0	0	0	0
8551	Phoenix eggling	0	0	0	0
8552	Large egg	0	0	0	0
8553	Priest of Guthix	0	0	0	0
8556	Brian Twitcher	0	0	0	0
8557	Lesser reborn warrior	0	0	0	0
8558	Lesser reborn warrior	0	0	0	0
8559	Greater reborn warrior	0	0	0	0
8560	Greater reborn warrior	0	0	0	0
8561	Lesser reborn ranger	0	0	0	0
8562	Lesser reborn ranger	0	0	0	0
8563	Greater reborn ranger	0	0	0	0
8564	Greater reborn ranger	0	0	0	0
8565	Lesser reborn mage	0	0	0	0
8566	Lesser reborn mage	0	0	0	0
8567	Greater reborn mage	0	0	0	0
8568	Greater reborn mage	0	0	0	0
8569	Lesser reborn warrior	0	0	0	0
8570	Greater reborn warrior	0	0	0	0
8571	Lesser reborn ranger	0	0	0	0
8572	Greater reborn ranger	0	0	0	0
8573	Lesser reborn mage	0	0	0	0
8574	Greater reborn mage	0	0	0	0
8575	Phoenix	0	0	0	0
8576	Phoenix	0	0	0	0
8577	Phoenix eggling	0	0	0	0
8578	Phoenix eggling	0	0	0	0
8579	Karma the chameleon	0	0	0	0
8581	Karma the chameleon	0	0	0	0
8582	Karma the chameleon	0	0	0	0
8583	Karma the chameleon	0	0	0	0
8584	Karma the chameleon	0	0	0	0
8585	Karma the chameleon	0	0	0	0
8586	Karma the chameleon	0	0	0	0
8587	Karma the chameleon	0	0	0	0
8588	Karma the chameleon	0	0	0	0
8589	Karma the chameleon	0	0	0	0
8590	Geoffrey	0	0	0	0
